INSERT INTO `Tbl_VilleQuartierSectionCommunale` (VqseId,VqseNom,ComId) VALUES ('0111-01','1ère Sect. Turgeau','0111'),
 ('0111-02','2ème Sect. Morne l''Hôpital','0111'),https://docs.google.com/spreadsheets/?authuser=0&usp=sheets_web
 ('0111-03','3ème Sect. Martissant','0111'),
 ('0111-90','Ville de Port-au-Prince','0111'),
 ('0112-01','1ère Sect. St-Marti','0112'),
 ('0112-90','Ville de Delmas','0112'),
 ('0113-01','1ère Sect. Morne Chandelle','0113'),
 ('0113-02','2ème Sect. Platon Dufrene','0113'),
 ('0113-03','3ème Sect. Taifer','0113'),
 ('0113-04','4ème Sect. Procy','0113'),
 ('0113-05','5ème Sect. Coupeau','0113'),
 ('0113-06','6ème Sect. Bouvier','0113'),
 ('0113-07','7ème Sect. Lavalle','0113'),
 ('0113-08','8ème Sect. Berly','0113'),
 ('0113-09','9ème Sect. Bizoto','0113'),
 ('0113-10','10ème Sect. Thor','0113'),
 ('0113-11','11ème Sect. Rivière Froide','0113'),
 ('0113-12','12ème Sect. Malanga','0113'),
 ('0113-13','13ème Sect. Corail Thor','0113'),
 ('0113-90','Ville de Carrefour','0113'),
 ('0114-01','1ère Sect. Montagne Noire','0114'),
 ('0114-02','2ème Sect. Aux Cadets','0114'),
 ('0114-03','3ème Sect. Etang du Jonc','0114'),
 ('0114-04','4ème Sect. Bellevue La Montagne','0114'),
 ('0114-05','5ème Sect. Bellevue Chardonnière','0114'),
 ('0114-80','Quartier de Thomassi','0114'),
 ('0114-90','Ville de Pétion-Ville','0114'),
 ('0115-01','1ère Sect. Nouvelle Tourraine','0115'),
 ('0115-02','2ème Sect. Bongars','0115'),
 ('0115-03','3ème Sect. Sourcailles','0115'),
 ('0115-04','4ème Sect. Belle Fontaine','0115'),
 ('0115-05','5ème Sect. Grand Fond','0115'),
 ('0115-90','Ville de Kenscoff','0115'),
 ('0116-01','1ère Sect. Morne à Bateau','0116'),
 ('0116-02','2ème Sect. Morne Chandelle','0116'),
 ('0116-03','3ème Sect. Petit Bouca','0116'),
 ('0116-90','Ville de Gressier','0116'),
 ('0117-01','1ère Sect. Varreux','0117'),
 ('0117-02','2ème Sect. Varreux','0117'),
 ('0117-90','Ville de Cité Soleil','0117'),
 ('0118-01','3ème Sect. Bellevue','0118'),
 ('0118-02','4ème Sect. Bellevue','0118'),
 ('0118-80','Quartier de la Croix-Des-Missions','0118'),
 ('0118-90','Ville de Tabarre','0118'),
 ('0121-01','1ère Sect. Dessources','0121'),
 ('0121-02','2ème Sect. Petite Rivière','0121'),
 ('0121-03','3ème Sect. Grande Rivière','0121'),
 ('0121-04','4ème Sect. Fond de Boudi','0121'),
 ('0121-05','5ème Sect. Palmiste à Vi','0121'),
 ('0121-06','6ème Sect. Orangers','0121'),
 ('0121-07','7ème Sect. Parques','0121'),
 ('0121-08','8ème Sect. Beausejour','0121'),
 ('0121-09','9ème Sect. Citronniers','0121'),
 ('0121-10','10ème Sect. Fond d''Oie','0121'),
 ('0121-11','11ème Sect. Gros Morne','0121'),
 ('0121-12','12ème Sect. Cormiers','0121'),
 ('0121-13','13ème Sect. Petit Harpo','0121'),
 ('0121-80','Quartier de Troui','0121'),
 ('0121-90','Ville de Léogane','0121'),
 ('0122-01','1ère Sect. Bino(Première Plaine)','0122'),
 ('0122-02','2ème Sect.Delatre(2ème Plaine)','0122'),
 ('0122-03','3ème Sect. Trou Chouchou','0122'),
 ('0122-04','4ème Sect. Fond Arabie','0122'),
 ('0122-05','5ème Sect. Trou Canari','0122'),
 ('0122-06','6ème Sect. Trou Canari','0122'),
 ('0122-07','7ème Sect. Des Platons','0122'),
 ('0122-08','8ème Sect. Des Platons','0122'),
 ('0122-09','9ème Sect. Des Palmes','0122'),
 ('0122-10','10ème Sect. Des Palmes','0122'),
 ('0122-11','11ème Sect. Ravine Sèche','0122'),
 ('0122-12','12ème Sect. Des Fourques','0122'),
 ('0122-80','Quartier de Vialet','0122'),
 ('0122-90','Ville de Petit Gôave','0122'),
 ('0123-01','1ère Sect. Tête-à-Boeuf','0123'),
 ('0123-02','2ème Sect. Tête-à-Boeuf','0123'),
 ('0123-03','3ème Sect. Moussambé','0123'),
 ('0123-04','4ème Sect. Moussambé','0123'),
 ('0123-05','5ème Sect. Grande Colline','0123'),
 ('0123-06','6ème Sect. Grande Colline','0123'),
 ('0123-07','7ème Sect. Gérard','0123'),
 ('0123-90','Ville de Grand-Gôave','0123'),
 ('0131-01','1ère Sect. Des Varreux','0131'),
 ('0131-02','2ème Sect. des Vareux','0131'),
 ('0131-03','3ème Sect. Petit Bois','0131'),
 ('0131-04','4ème Sect. Petit Bois','0131'),
 ('0131-05','5ème Sect. Petit Bois','0131'),
 ('0131-06','6ème Sect. Belle Fontaine','0131'),
 ('0131-07','7ème Sect. Belle Fontaine','0131'),
 ('0131-08','8ème Belle Fontaine','0131'),
 ('0131-09','9ème Sect. des Crochus','0131'),
 ('0131-10','10ème Sect. des Orangers','0131'),
 ('0131-90','Ville la Croix des Bouquets','0131'),
 ('0132-01','1ère Sect. Grande Plaine','0132'),
 ('0132-02','2ème Sect. Grande Plaine','0132'),
 ('0132-03','3ème Sect. Trou d''Eau','0132'),
 ('0132-04','4ème Sect. des Crochus','0132'),
 ('0132-90','Ville de Thomazeau','0132'),
 ('0133-01','1ère Sect. Galette Chambo','0133'),
 ('0133-02','2ème Sect. Bala','0133'),
 ('0133-03','3ème Sect. Fond Parisie','0133'),
 ('0133-04','4ème Sect. Pays Pourri','0133'),
 ('0133-05','5ème Sect. Mare Roseaux','0133'),
 ('0133-80','Quartier Fond Parisie','0133'),
 ('0133-90','Ville de Ganthier','0133'),
 ('0134-01','1ère Sect. Plaine Céleste','0134'),
 ('0134-02','2ème Sect. Plaine Céleste','0134'),
 ('0134-03','3ème Boucan Bois Pi','0134'),
 ('0134-04','4ème Boucan Bois Pi','0134'),
 ('0134-05','5ème Génipailler','0134'),
 ('0134-90','Ville de Cornillo','0134'),
 ('0135-01','1ère Sect. Fonds-Verrettes','0135'),
 ('0135-90','Ville de Fonds-Verrettes','0135'),
 ('0141-01','1ère Boucassi','0141'),
 ('0141-02','2ème Sect. Fonds Baptiste','0141'),
 ('0141-03','3ème Sect. Des Vases','0141'),
 ('0141-04','4ème Sect. Montrouis','0141'),
 ('0141-05','5ème Sect. Délices','0141'),
 ('0141-06','6ème Sect. Matheux','0141'),
 ('0141-80','Quartier de Saintard','0141'),
 ('0141-90','Ville de l''Arcahaie','0141'),
 ('0142-01','1ère Sect. Boucassi','0142'),
 ('0142-02','2ème Sect. Boucassi','0142'),
 ('0142-03','3ème Sect. Source-Matelas','0142'),
 ('0142-04','4ème Sect. Fonds-des-Blancs(Casale)','0142'),
 ('0142-90','Ville de Cabaret','0142'),
 ('0151-01','1ère Sect. Palma','0151'),
 ('0151-02','2ème Sect. Petite Source','0151'),
 ('0151-03','3ème Sect. Grande Source','0151'),
 ('0151-04','4ème Sect. Grand Lago','0151'),
 ('0151-05','5ème Sect. Picmy','0151'),
 ('0151-06','6ème Sect. Petit Anse','0151'),
 ('0151-90','Ville de l''Anse à Galets','0151'),
 ('0152-01','1ère Sect. La Source','0152'),
 ('0152-02','2ème Sect. Grand Vide','0152'),
 ('0152-03','3ème Sect. Trou Louis','0152'),
 ('0152-04','4ème Sect. Pointe à Raquette','0152'),
 ('0152-05','5ème Sect. Gros Mangle','0152'),
 ('0152-90','Ville de Pointe à Raquette','0152'),
 ('0211-01','1ère Sect. Bas Cap Rouge','0211'),
 ('0211-02','2ème Sect. Fond-Melon-Selle','0211'),
 ('0211-03','3ème Sect. Cochon Gras','0211'),
 ('0211-04','4ème Sect. La Gosseline','0211'),
 ('0211-05','5ème Sect. Marbial','0211'),
 ('0211-06','6ème Sect. Montagne la Voute','0211'),
 ('0211-07','7ème Sect. Grande Rivière de Jacmel','0211'),
 ('0211-08','8ème Sect. Bas Coq Chante','0211'),
 ('0211-09','9ème Sect. Haut Coq qui Chante','0211'),
 ('0211-10','10ème Sect. La Vanneau','0211'),
 ('0211-11','11ème Sect. La Montagne','0211'),
 ('0211-80','Quartier de Marbial','0211'),
 ('0211-90','Ville de Jacmel','0211'),
 ('0212-01','1ère Sect. Corail Soult','0212'),
 ('0212-02','2ème Sect. Grande Riviére Fesles','0212'),
 ('0212-03','3ème Sect. Macary','0212'),
 ('0212-04','4ème Sect. Fond Jean-Noël','0212'),
 ('0212-05','5ème Sect. Savane Dubois','0212'),
 ('0212-80','Quartier de Segui','0212'),
 ('0212-90','Ville de Marigot','0212'),
 ('0213-01','1ère Sect. Ravine Normande','0213'),
 ('0213-02','2ème Sect. Gaillard','0213'),
 ('0213-03','3ème Sect. Haut Cap Rouge','0213'),
 ('0213-04','4ème Fond-Melon Michineau','0213'),
 ('0213-90','Ville Cayes Jacmel','0213'),
 ('0214-01','1ère Sect. La Vallée de Jacmel ou Muzac','0214'),
 ('0214-02','2ème Sect. Ternier','0214'),
 ('0214-03','3ème Sect. Morne-à Brûler','0214'),
 ('0214-90','Ville La Vallée','0214'),
 ('0221-01','1ère Sect. Brésilienne','0221'),
 ('0221-02','2ème Sect. Trou Mahot','0221'),
 ('0221-03','3ème Sect. La Vallée de Bainet','0221'),
 ('0221-04','4ème Sect. Haut Grandou','0221'),
 ('0221-05','5ème Sect. Bas Grandou','0221'),
 ('0221-06','6ème Sect. Bas de la Croix','0221'),
 ('0221-07','7ème Sect. Bras Gauche','0221'),
 ('0221-08','8ème Sect. Orangers','0221'),
 ('0221-09','9ème Sect. Bas des Gris Gris','0221'),
 ('0221-90','Ville de Bainet','0221'),
 ('0222-01','1ème Sect. Gris Gris','0222'),
 ('0222-02','2ème Sect. Labiche','0222'),
 ('0222-03','3ème Sect. Bras Gauche','0222'),
 ('0222-04','4ème Sect. Amazone','0222'),
 ('0222-05','5ème Sect. Boucan Bélier','0222'),
 ('0222-06','6ème Sect. Jamais Vu','0222'),
 ('0222-90','Ville de Cotes de Fer','0222'),
 ('0231-01','1ère Sect. Baie d''Orange','0231'),
 ('0231-02','2ème Sect. Mabriole','0231'),
 ('0231-03','3ème Sect. Callumette','0231'),
 ('0231-04','4ème Sect. Corail Lamothe','0231'),
 ('0231-05','5ème Sect. Bel Air','0231'),
 ('0231-06','6ème Sect. Picho','0231'),
 ('0231-07','7ème Sect. Mapou','0231'),
 ('0231-80','Quartier de Mapou','0231'),
 ('0231-90','Ville de Belle Anse','0231'),
 ('0232-01','1ère Sect.Colline des Chènes ou Bodarie','0232'),
 ('0232-80','Quartier de Bodarie','0232'),
 ('0232-90','Ville de Grand Gosier','0232'),
 ('0233-01','1ère Sect. Thiotte','0233'),
 ('0233-02','2ème Sect. Pot de Chambre','0233'),
 ('0233-90','Ville de Thiotte','0233'),
 ('0234-01','1ère Sect. Boucan Guillaume','0234'),
 ('0234-02','2ème Sect. Bois d''Orme','0234'),
 ('0234-80','Quartier de Banane','0234'),
 ('0234-90','Ville de l''Anse à Pitre','0234'),
 ('0311-01','1ère Sect. Bande du Nord','0311'),
 ('0311-02','2ème Sect. Haut du Cap','0311'),
 ('0311-03','3ème Sect. Petit Anse','0311'),
 ('0311-80','Quartier de Petit Anse','0311'),
 ('0311-90','Ville du Cap-Haïtie','0311'),
 ('0312-01','1ère Sect. Basse Plaine','0312'),
 ('0312-02','2ème Sect. Morne Pelé','0312'),
 ('0312-90','Ville de Quartier-Mori','0312'),
 ('0313-01','1ère Sect. Basse Plaine','0313'),
 ('0313-02','2ème Sect. Bois de Lance','0313'),
 ('0313-03','3ème Sect. Roucou','0313'),
 ('0313-80','Quartier de Bord de Mer Limonade','0313'),
 ('0313-90','Ville de Limonade','0313'),
 ('0321-01','1ère Sect. Camp Louise','0321'),
 ('0321-02','2ème Sect. Bas de l''Acul (Bassse Plaine)','0321'),
 ('0321-03','3ème Sect. Mornet','0321'),
 ('0321-04','4ème Sect. Grande Ravine','0321'),
 ('0321-05','5ème Sect. Coupe à David','0321'),
 ('0321-06','6ème Sect. Soufrière','0321'),
 ('0321-80','Quartier la Soufrière','0321'),
 ('0321-81','Quartier Camp-Louise','0321'),
 ('0321-90','Ville de l''Acul du Nord','0321'),
 ('0322-01','1ère Sect. Morne Rouge','0322'),
 ('0322-02','2ème Sect. Basse Plaine','0322'),
 ('0322-03','3ème Sect. Grand Bouca','0322'),
 ('0322-04','4ème Sect. Bassin Diamant','0322'),
 ('0322-80','Quartier Robillard','0322'),
 ('0322-90','Ville de la Plaine du Nord','0322'),
 ('0323-01','1ère Sect. Perches de Bonnet','0323'),
 ('0323-02','2ème Sect. Bonnet à l''Evèque','0323'),
 ('0323-03','3ème Sect. Génipailler','0323'),
 ('0323-80','Quartier Carrefour des Pères','0323'),
 ('0323-90','Ville de Milot','0323'),
 ('0331-01','1ère Sect. Grand Gilles','0331'),
 ('0331-02','2ème Sect. Solo','0331'),
 ('0331-03','3ème Sect. Caracol','0331'),
 ('0331-04','4ème Sect. Gambade','0331'),
 ('0331-05','5ème Sect. Joli-trou','0331'),
 ('0331-06','6ème Sect. Cormiers','0331'),
 ('0331-90','Ville de Grande Rivière du Nord','0331'),
 ('0332-01','1ère Sect. de Bois Pi','0332'),
 ('0332-02','2ème Sect. Bailla ou Bailly','0332'),
 ('0332-03','3ème Sect. Montagne Noire','0332'),
 ('0332-90','Ville de Baho','0332'),
 ('0341-01','1ère Sect. Bois-Neuf','0341'),
 ('0341-02','2ème Sect. Mathuri','0341'),
 ('0341-03','3ème Sect. Bouyaha','0341'),
 ('0341-04','4ème Sect. San Yago','0341'),
 ('0341-90','Ville de Saint-Raphaël','0341'),
 ('0342-01','1ère Sect. Brostage','0342'),
 ('0342-02','2ème Sect. Bassin Caïma','0342'),
 ('0342-03','3ème Sect. Matador','0342'),
 ('0342-04','4ème Sect. Laguille','0342'),
 ('0342-05','5ème Sect. Haut du Trou','0342'),
 ('0342-90','Ville de Dondo','0342'),
 ('0343-01','1ère Sect. de Bac à Soude','0343'),
 ('0343-02','2ème Sect. Bois de Lance','0343'),
 ('0343-03','3ème Sect. Cracaraille','0343'),
 ('0343-90','Ville de Ranquitte','0343'),
 ('0344-01','1ère Sect. de Savannette','0344'),
 ('0344-02','2ème Sect. La Belle Mère','0344'),
 ('0344-90','Ville de Pigno','0344'),
 ('0345-01','1ère Sect. de La Victoire','0345'),
 ('0345-90','Ville de La Victoire','0345'),
 ('0351-01','1ère Sect. Margot','0351'),
 ('0351-02','2ème Sect. Boucan Michel','0351'),
 ('0351-03','3ème Sect. Petit Bourg de Borgne','0351'),
 ('0351-04','4ème Sect. Trou d''Enfer','0351'),
 ('0351-05','5ème Sect. Champagne','0351'),
 ('0351-06','6ème Sect. Molas','0351'),
 ('0351-07','7ème Sect. Côtes de Fer et Lagrange','0351'),
 ('0351-80','Quartier du Petit Bourg de Borgne','0351'),
 ('0351-90','Ville du Borgne','0351'),
 ('0352-01','1ère Sect. de Grande Plaine','0352'),
 ('0352-02','2ème Sect. Bas Petit Borgne','0352'),
 ('0352-03','3ème Sect. de Corail','0352'),
 ('0352-04','4ème Sect. Haut Petit Borgne','0352'),
 ('0352-05','5ème Sect. Bas Quartier','0352'),
 ('0352-06','6ème Sect. Bras Gauche','0352'),
 ('0352-80','Quartier de Bayeux','0352'),
 ('0352-81','Quartier Petit Bourg de Port-Margot','0352'),
 ('0352-90','Ville de Port Margot','0352'),
 ('0361-01','1ère Sect. Haut Limbé ou Acul Jeanot','0361'),
 ('0361-02','2ème Sect. Chabotte','0361'),
 ('0361-03','3ème Sect. Camp Coq','0361'),
 ('0361-04','4ème Sect. Soufrière','0361'),
 ('0361-05','5ème Sect. Ravine Desroches','0361'),
 ('0361-06','6ème Sect. Ilot-à-Corne','0361'),
 ('0361-80','Quartier de Camp-Coq','0361'),
 ('0361-90','Ville de Limbé','0361'),
 ('0362-01','1ère Sect. Garde Champètre (Bas-Limbé)','0362'),
 ('0362-02','2ème Sect. Petit Howars (La Fange)','0362'),
 ('0362-90','Ville de Bas-Limbé','0362'),
 ('0371-01','1ère Sect. Gobert ou Colline Gobert','0371'),
 ('0371-02','2ème Sect. Champagne','0371'),
 ('0371-03','3ème Sect. Haut Martineau','0371'),
 ('0371-04','4ème Sect. Mapou','0371'),
 ('0371-05','5ème Sect. La Trouble','0371'),
 ('0371-06','6ème Sect. La Ville','0371'),
 ('0371-07','7ème Sect. Bassi','0371'),
 ('0371-08','8ème Grande Rivière','0371'),
 ('0371-90','Ville de Plaisance','0371'),
 ('0372-01','1ère Sect. Ballo','0372'),
 ('0372-02','2ème Sect. Baudi','0372'),
 ('0372-03','3ème Sect. Ravine Trompette','0372'),
 ('0372-04','4ème Sect. Joly','0372'),
 ('0372-05','5ème Sect. Dubourg','0372'),
 ('0372-06','6ème Sect. Piment','0372'),
 ('0372-07','7ème Sect. Rivière Laporte','0372'),
 ('0372-08','8ème Sect. Margot','0372'),
 ('0372-90','Ville de Pilate','0372'),
 ('0411-01','1ère Sect. Dumas','0411'),
 ('0411-02','2ème Sect. Bayaha','0411'),
 ('0411-03','3ème Sect. Loiseau','0411'),
 ('0411-04','4ème Sect. Haut-Madeleine','0411'),
 ('0411-80','Quartier Acul-Samedi','0411'),
 ('0411-90','Ville de Fort-Liberté','0411'),
 ('0411-91','Ville de Dérac','0411'),
 ('0412-01','1ère Sect. Bas-Maribahoux','0412'),
 ('0412-90','Ville de Ferrier','0412'),
 ('0413-01','1ère Sect. Haut des Perches','0413'),
 ('0413-02','2ème Sect. Bas des Perches','0413'),
 ('0413-90','Ville de Perches','0413'),
 ('0421-01','1ère Sect. Haut Maribahoux','0421'),
 ('0421-02','2ème Sect. Acul des Pins','0421'),
 ('0421-03','3ème Sect. Savane Longue','0421'),
 ('0421-04','4ème Sect. Savane au lait','0421'),
 ('0421-05','5ème Sect. Gens de Nantes','0421'),
 ('0421-90','Ville de Ouanaminthe','0421'),
 ('0422-01','1ère Sect. de Capotille','0422'),
 ('0422-02','2ème Sect. Lamine','0422'),
 ('0422-90','Ville de Capotille','0422'),
 ('0423-01','1ère Sect. Savanette','0423'),
 ('0423-02','2ème Sect. Bois Poux','0423'),
 ('0423-90','Ville de Mont-Organisé','0423'),
 ('0431-01','1ère Sect. Garci','0431'),
 ('0431-02','2ème Sect. Roucou','0431'),
 ('0431-03','3ème Sect. Roche-Plate','0431'),
 ('0431-90','Ville du Trou du Nord','0431'),
 ('0432-01','1ère Sect. Foulo','0432'),
 ('0432-02','2ème Sect. Bois Blanc','0432'),
 ('0432-03','3ème Sect. Cotelette','0432'),
 ('0432-04','4ème Sect. Sarazi','0432'),
 ('0432-05','5ème Sect. Moka Neuf','0432'),
 ('0432-06','6ème Sect. Fond Bleu','0432'),
 ('0432-80','Quartier Dupity','0432'),
 ('0432-90','Ville de Sainte Suzanne','0432'),
 ('0433-01','1ère Sect. Fond Blanc','0433'),
 ('0433-02','2ème Sect. Grand Bassi','0433'),
 ('0433-80','Quartier Grand Bassi','0433'),
 ('0433-90','Ville de Terrier-Rouge','0433'),
 ('0433-91','Ville Industrielle de Phaéto','0433'),
 ('0433-92','Ville Industrielle de Paulette','0433'),
 ('0434-01','1ère Sect. Champi','0434'),
 ('0434-02','2ème Sect. Glaudine ou Jacquesy','0434'),
 ('0434-90','Ville de Caracol','0434'),
 ('0441-01','1ère Sect. Trois Palmistes','0441'),
 ('0441-02','2ème Sect. Ecrevisse ou Grosse Roche','0441'),
 ('0441-03','3ème Sect. Corosse','0441'),
 ('0441-80','Quartier Grosse Roche','0441'),
 ('0441-90','Ville de Valières','0441'),
 ('0442-01','1ère Sect. Bois Gamelle','0442'),
 ('0442-02','2ème Sect. Rose Bonite','0442'),
 ('0442-90','Ville de Carice','0442'),
 ('0443-01','1ère Sect. Sans-Souci','0443'),
 ('0443-02','2ème Sect. Bois Laurence','0443'),
 ('0443-80','Quartier de Bois Laurence','0443'),
 ('0443-90','Ville de Mombin Crochu','0443'),
 ('0511-01','1ère Sect. Pont Tamari','0511'),
 ('0511-02','2ème Sect. Bassi','0511'),
 ('0511-03','3ème Sect. Pte Rivière de Bayonnais','0511'),
 ('0511-04','4ème Sect. Poteaux','0511'),
 ('0511-05','5ème Sect. Labranle','0511'),
 ('0511-80','Quartier Pte Rivière des Bayonnais','0511'),
 ('0511-90','Ville des Gonaïves','0511'),
 ('0512-01','1ère Sect. Savane Carrée','0512'),
 ('0512-02','2ème Sect.Passe-Reine ou bas d''Ennery','0512'),
 ('0512-03','3ème Sect. Chemin Neuf','0512'),
 ('0512-04','4ème Sect. Puilboreau','0512'),
 ('0512-90','Ville d''Ennery','0512'),
 ('0513-01','1ère Sect. Lacroix-Périsse','0513'),
 ('0513-02','2ème Sect. Petite Desdunes','0513'),
 ('0513-90','Ville de l''Estère','0513'),
 ('0521-01','1ère Sect. Boucan Richard','0521'),
 ('0521-02','2ème Sect. Rivière Mancelle','0521'),
 ('0521-03','3ème Sect. Rivière Blanche','0521'),
 ('0521-04','4ème Sect. l''Acul','0521'),
 ('0521-05','5ème Sect. Pendu','0521'),
 ('0521-06','6ème Sect. Savane Carrée','0521'),
 ('0521-07','7ème Sect. Mouli','0521'),
 ('0521-08','8ème Sect. Ravine Gros-Morne','0521'),
 ('0521-90','Ville de Gros-Morne','0521'),
 ('0522-01','1ère Sect. Doland','0522'),
 ('0522-02','2ème Sect. Bois Neuf','0522'),
 ('0522-03','3ème Sect. Lago','0522'),
 ('0522-90','Ville de Terre-Neuve','0522'),
 ('0523-01','1ère Sect. l''Arbre','0523'),
 ('0523-02','2ème Sect. Sources Chaudes','0523'),
 ('0523-80','Quartier Sources Chaudes','0523'),
 ('0523-90','Ville de l''Anse Rouge','0523'),
 ('0531-01','1ère Sect. Délugé','0531'),
 ('0531-02','2ème Sect. Bois Neuf','0531'),
 ('0531-03','3ème Sect. Goyavier','0531'),
 ('0531-04','4ème Sect. Lalouère','0531'),
 ('0531-05','5ème Sect. Bocozelle','0531'),
 ('0531-06','6ème Sect. Charrette','0531'),
 ('0531-80','Quartier de Montrouis','0531'),
 ('0531-90','Ville de Saint-Marc','0531'),
 ('0532-01','1ère Sect. Liancourt','0532'),
 ('0532-02','2ème Sect. Bélanger','0532'),
 ('0532-03','3ème Sect. Guillaume-Mogé','0532'),
 ('0532-04','4ème Sect. Désarmes','0532'),
 ('0532-05','5ème Sect. Bastie','0532'),
 ('0532-06','6ème Sect. Terre Nette','0532'),
 ('0532-80','Quartier Désarmes','0532'),
 ('0532-81','Quartier Liancourt','0532'),
 ('0532-90','Ville de Verrettes','0532'),
 ('0533-01','1ère Sect. Martineau','0533'),
 ('0533-02','2ème Sect. Bossous','0533'),
 ('0533-90','Ville de La Chapelle','0533'),
 ('0541-01','1ère Sect. Villars','0541'),
 ('0541-02','2ème Sect. Fossé Naboth ou Duvallo','0541'),
 ('0541-03','3ème Sect. Ogé','0541'),
 ('0541-04','4ème Sect. Poste-Pierrot','0541'),
 ('0541-05','5ème Sect. Fiéfié ou Petit Cahos','0541'),
 ('0541-06','6ème Sect. La Croix ou Grand Cahos','0541'),
 ('0541-90','Ville de Dessalines (ou Marchand)','0541'),
 ('0542-01','1ère Sect. Bas-Coursin I','0542'),
 ('0542-02','2ème Sect. Bas-Coursin II','0542'),
 ('0542-03','3ème Sect. Labady','0542'),
 ('0542-04','4ème Sect. Savane à Roche','0542'),
 ('0542-05','5ème Sect. Pérodi','0542'),
 ('0542-06','6ème Sect. Médor','0542'),
 ('0542-80','Quartier Savane à Roche','0542'),
 ('0542-90','Ville de Petite Rivière de l''Artibonite','0542'),
 ('0543-01','1ère Sect. Poteneau','0543'),
 ('0543-90','Ville de Grande Saline','0543'),
 ('0544-01','1ère Sect. de Desdunes','0544'),
 ('0544-90','Ville de Desdunes','0544'),
 ('0551-01','1ère Sect. Platana','0551'),
 ('0551-02','2ème Sect. Camathe','0551'),
 ('0551-03','3ème Sect. Bas de Sault','0551'),
 ('0551-04','4ème Sect. Lalomas','0551'),
 ('0551-05','5ème Sect. l''Ermite','0551'),
 ('0551-06','6ème Sect. Lacedras','0551'),
 ('0551-07','7ème Sect. Mamont','0551'),
 ('0551-08','8ème Sect. l''Attalaye','0551'),
 ('0551-80','Quartier Mamont (ou Nan Paul)','0551'),
 ('0551-90','Ville de Saint-Michel de l’Attalaye','0551'),
 ('0552-01','1ère Sect. Crète à Pins','0552'),
 ('0552-02','2ème Sect. Bassin ou Billier','0552'),
 ('0552-03','3ème Sect. Plato','0552'),
 ('0552-90','Ville de Marmelade','0552'),
 ('0611-01','1ère Sect. Juanaria','0611'),
 ('0611-02','2ème Sect. Marmont','0611'),
 ('0611-03','3ème Sect. Aguahédionde (Rive Droite)','0611'),
 ('0611-04','4ème Sect. Aguahédionde (Rive gauche)','0611'),
 ('0611-80','Quartier Los Palis','0611'),
 ('0611-90','Ville de Hinche','0611'),
 ('0612-01','1ère Sect. Savane Grande','0612'),
 ('0612-02','2ème Sect. Narang','0612'),
 ('0612-03','3ème Sect. Hatty','0612'),
 ('0612-80','Quartier Louverture','0612'),
 ('0612-90','Ville de Maïssade','0612'),
 ('0613-01','1ère Sect. Cabral','0613'),
 ('0613-02','2ème Sect. Tierra Muscady','0613'),
 ('0613-03','3ème Sect. Baille Tourrible','0613'),
 ('0613-04','4ème Sect. La Hoye','0613'),
 ('0613-90','Ville de Thomonde','0613'),
 ('0614-01','1ère Section Rang','0614'),
 ('0614-90','Ville de Cerca Carvajal','0614'),
 ('0621-01','1ère Sect. Gascogne','0621'),
 ('0621-02','2ème Sect. Sarazi','0621'),
 ('0621-03','3ème Sect. Grand-Bouca','0621'),
 ('0621-04','4ème Sect. Crête Brûlée','0621'),
 ('0621-90','Ville de Mirebalais','0621'),
 ('0622-01','1ère Sect. Canot','0622'),
 ('0622-02','2ème Sect. La Selle','0622'),
 ('0622-03','3ème Sect. Coupe Mardi-Gras','0622'),
 ('0622-04','4ème Sect. Montagne Terrible','0622'),
 ('0622-90','Ville de Saut d''Eau','0622'),
 ('0623-01','1ère Sect. Petite Montagne','0623'),
 ('0623-02','2ème Sect. Boucan Carré','0623'),
 ('0623-03','3ème Sect. des Bayes','0623'),
 ('0623-80','Quartier Dufailly','0623'),
 ('0623-90','Ville de Boucan Carré','0623'),
 ('0631-01','1ère Sect. Petit Fond','0631'),
 ('0631-02','2ème Sect. Juampas','0631'),
 ('0631-90','Ville de Lascahobas','0631'),
 ('0632-01','1ère Sect. Renthe-Mathe','0632'),
 ('0632-02','2ème Sect. Roye-Sec','0632'),
 ('0632-03','3ème Sect. Riaribes','0632'),
 ('0632-80','Quartier de Baptiste','0632'),
 ('0632-90','Ville de Belladère','0632'),
 ('0633-01','1ère Sect. Savanette (Colombier)','0633'),
 ('0633-02','2ème Sect. La Haye','0633'),
 ('0633-90','Ville de Savenette','0633'),
 ('0641-01','1ère Sect. Acajou Brûlé No. 1','0641'),
 ('0641-02','2ème Sect. Acajou Brûlé No. 2','0641'),
 ('0641-03','3ème Sect. Lamielle','0641'),
 ('0641-90','Ville de Cerca-La-Source','0641'),
 ('0642-01','1ère Sect. Matelgate','0642'),
 ('0642-02','2ème Sect. Lociane','0642'),
 ('0642-90','Ville de Thomassique','0642'),
 ('0711-01','1ère Sect. Bourdet','0711'),
 ('0711-02','2ème Sect. Fonfrède','0711'),
 ('0711-03','3ème Sect. Laborde','0711'),
 ('0711-04','4ème Sect. Laurent','0711'),
 ('0711-05','5ème Sect. Mercy','0711'),
 ('0711-06','6ème Sect. Boulmier','0711'),
 ('0711-80','Quartier Laborde','0711'),
 ('0711-90','Ville des Cayes','0711'),
 ('0712-01','1ère Sect. Boury','0712'),
 ('0712-02','2ème Sect. Bérault','0712'),
 ('0712-03','3ème Sect. Solo','0712'),
 ('0712-04','4ème Sect. Moreau','0712'),
 ('0712-80','Quartier Ferme Leblanc','0712'),
 ('0712-81','Quartier Ducis','0712'),
 ('0712-90','Ville de Torbeck','0712'),
 ('0713-01','1ère Sect. Fond-Palmiste','0713'),
 ('0713-02','2ème Sect. Melonière','0713'),
 ('0713-03','3ème Sect. Carrefour Cano','0713'),
 ('0713-90','Ville de Chantal','0713'),
 ('0714-01','1ère Sect. Levy-Mersa','0714'),
 ('0714-02','2ème Sect. Champlois','0714'),
 ('0714-03','3ème Sect. Tibi-Davezac','0714'),
 ('0714-90','Ville de Camp-Perri','0714'),
 ('0715-01','1ère Sect. Maniche','0715'),
 ('0715-02','2ème Sect. Dory','0715'),
 ('0715-03','3ème Sect. Melo','0715'),
 ('0715-90','Ville de Maniche','0715'),
 ('0716-01','1ère Sect. Ile-à-Vache','0716'),
 ('0716-90','Ville de l''Ile-à-vache','0716'),
 ('0721-01','1ère Sect. Barbois','0721'),
 ('0721-02','2ème Sect. Dumont','0721'),
 ('0721-90','Ville de Port-Salut','0721'),
 ('0722-01','1ère Sect. Tapio','0722'),
 ('0722-02','2ème Sect. Débouchette','0722'),
 ('0722-03','3ème Sect. Trichet','0722'),
 ('0722-90','Ville de Saint-Jean du Sud','0722'),
 ('0723-01','1ère Sect. Lazarre','0723'),
 ('0723-02','2ème Sect. Anse à Drick','0723'),
 ('0723-03','3ème Sect. d''Arniquet','0723'),
 ('0723-90','Ville de Arniquet','0723'),
 ('0731-01','1ère Sect. Macéa','0731'),
 ('0731-02','2ème Sect. Bellevue','0731'),
 ('0731-03','3ème Sect. Brodequi','0731'),
 ('0731-04','4ème Sect. Flamands','0731'),
 ('0731-05','5ème Sect. Mare à Coiffe','0731'),
 ('0731-06','6ème Sect. La Colline','0731'),
 ('0731-07','7ème Sect. Frangipane','0731'),
 ('0731-08','8ème Sect. Colline à Mongons','0731'),
 ('0731-09','9ème Sect. Fond des Blancs','0731'),
 ('0731-10','10ème Sect. Guirand','0731'),
 ('0731-80','Quartier Fond des Blancs','0731'),
 ('0731-81','Quartier Vieux Bourg d''Aqui','0731'),
 ('0731-90','Ville d''Aqui','0731'),
 ('0732-01','1ère Sect. de Grand Fonds','0732'),
 ('0732-02','2ème Sect. Baie Dumesle','0732'),
 ('0732-03','3ème Sect. Grenodière','0732'),
 ('0732-04','4ème Sect. Zanglais','0732'),
 ('0732-05','5ème Sect. Sucrerie-Henri','0732'),
 ('0732-06','6ème Sect. Solo','0732'),
 ('0732-07','7ème Sect. Chérette','0732'),
 ('0732-08','8ème Sect. Corail-Henri','0732'),
 ('0733-01','1ère Sect. Boileau','0733'),
 ('0733-02','2ème Sect. Martineau','0733'),
 ('0733-03','3ème Sect. Gros-Mari','0733'),
 ('0733-04','4ème Sect. Mare-Henri','0733'),
 ('0733-05','5ème Sect. Laroque','0733'),
 ('0733-90','Ville de Cavaillo','0733'),
 ('0741-01','1ère Sect. Condé','0741'),
 ('0741-02','2ème Sect. Despas','0741'),
 ('0741-03','3ème Sect. Quenti','0741'),
 ('0741-80','Quartier de Damassi','0741'),
 ('0741-90','Ville des Côteaux','0741'),
 ('0742-01','1ère Sect. Paricot','0742'),
 ('0742-02','2ème Sect. Balais','0742'),
 ('0742-90','Ville de Port-à-Piment','0742'),
 ('0743-01','1ère Sect. Beaulieu','0743'),
 ('0743-02','2ème Sect. Renaudi','0743'),
 ('0743-03','3ème Sect. Beauclos','0743'),
 ('0743-90','Ville de Roche-à-Bateau','0743'),
 ('0751-01','1ère Sect. Randel','0751'),
 ('0751-02','2ème Sect. Déjoie','0751'),
 ('0751-03','3ème Sect. Bony','0751'),
 ('0751-80','Quartier Randel','0751'),
 ('0751-90','Ville de Chardonnières','0751'),
 ('0752-01','1ère Sect. Vérone','0752'),
 ('0752-02','2ème Sect. Edeli','0752'),
 ('0752-03','3ème Sect. Cosse','0752'),
 ('0752-90','Ville des Anglais','0752'),
 ('0753-01','1ère Sect. Blactote','0753'),
 ('0753-02','2ème Sect. Sevré','0753'),
 ('0753-03','3ème Sect. Loby','0753'),
 ('0753-04','4ème Sect. Dalmette','0753'),
 ('0753-80','Quartier La Cahouane','0753'),
 ('0753-90','Ville de Tiburo','0753'),
 ('0811-01','1ère Sect. Basse Voldrogue','0811'),
 ('0811-02','2ème Sect. Haute Voldrogue','0811'),
 ('0811-03','3ème Sect. Haute Guinaudée','0811'),
 ('0811-04','4ème Sect. Basse Guinaudée','0811'),
 ('0811-05','5ème Sect. Ravine à Charles','0811'),
 ('0811-06','6ème Sect. Iles Blanches','0811'),
 ('0811-07','7ème Sect. Marfranc ou Grande Rivière','0811'),
 ('0811-08','8ème Sect. Fond Rouge Dahère','0811'),
 ('0811-09','9ème Sect. Fond Rouge Torbeck','0811'),
 ('0811-80','Quartier de Léo','0811'),
 ('0811-81','Quartier de Marfranc','0811'),
 ('0811-90','Ville de Jérémie','0811'),
 ('0812-01','1ère Sect. Anse du Clerc','0812'),
 ('0812-02','2ème Sect. Balisiers','0812'),
 ('0812-03','3ère Sect. Danglise','0812'),
 ('0812-04','4ère Sect. La Seringue','0812'),
 ('0812-90','Ville des Abricots','0812'),
 ('0813-01','1ère Section de Désormeau ou Bonbo','0813'),
 ('0813-90','Ville de Bonbo','0813'),
 ('0814-01','1ère Sect. Anote ou 1ère Tapio','0814'),
 ('0814-02','2ème Sect. Sources Chaudes','0814'),
 ('0814-03','3ème Sect. L''Assise ou Chameau','0814'),
 ('0814-80','Quartier Sources Chaudes','0814'),
 ('0814-90','Ville de Moro','0814'),
 ('0815-01','1ère Sect. de Déjea','0815'),
 ('0815-02','2ème Sect. de Bouca','0815'),
 ('0815-90','Ville de Chambella','0815'),
 ('0821-01','1ère Sect. Grandoit','0821'),
 ('0821-02','2ème Sect. Boudo','0821'),
 ('0821-03','3ème Sect. Ilet à Pierre Joseph','0821'),
 ('0821-04','4ème Sect. Mandou','0821'),
 ('0821-90','Ville d''Anse d''hainault','0821'),
 ('0822-01','1ère Sect. Bariadelle','0822'),
 ('0822-02','2ème Sect. Dallier','0822'),
 ('0822-03','3ème Sect. Désormeau','0822'),
 ('0822-04','4ème Sect. Petite Rivière','0822'),
 ('0822-05','5ème Sect. Baliverne','0822'),
 ('0822-80','Quartier de Lesso','0822'),
 ('0822-90','Ville de Dame Marie','0822'),
 ('0823-01','1ère Sect. Matador (Jorgue)','0823'),
 ('0823-02','2ème Sect. Belair','0823'),
 ('0823-03','3ème Sect. Garcasse','0823'),
 ('0823-80','Quartier de Garcasse','0823'),
 ('0823-90','Ville des Irois','0823'),
 ('0831-01','1ère Sect. Duquillo','0831'),
 ('0831-02','2ème Sect. Fonds d''Icaque','0831'),
 ('0831-03','3ème Sect. Champy (Nan Campèche)','0831'),
 ('0831-90','Ville de Corail','0831'),
 ('0832-01','1ère Sec. Carrefour Charles ou Jacqui','0832'),
 ('0832-02','2ème Sect. Fond-Cochon ou Lopineau','0832'),
 ('0832-03','3ème Sect. Grand-Vincent','0832'),
 ('0832-04','4ème Sect. Les Gommiers','0832'),
 ('0832-90','Ville de Roseaux','0832'),
 ('0833-01','1ère Sect. Beaumont','0833'),
 ('0833-02','2ème Sect. Chardonnette','0833'),
 ('0833-03','3ème Sect. Mouline','0833'),
 ('0833-90','Ville de Beaumont','0833'),
 ('0834-01','1ère Sect. Bernagousse','0834'),
 ('0834-02','2ème Sect. Espère','0834'),
 ('0834-03','3ème Sect. Jn Bellune','0834'),
 ('0834-04','4ème Sect. Tozia','0834'),
 ('0834-05','5ème Sect. Duchity','0834'),
 ('0834-06','6ème Sect. Les Iles Cayemittes','0834'),
 ('0911-01','1ère Sect. Baudi','0911'),
 ('0911-02','2ème Sect. La Pointe','0911'),
 ('0911-03','3ème Sect. Aubert','0911'),
 ('0911-04','4ème Sect. Mahotière','0911'),
 ('0911-05','5ème Sect. Bas des moustiques','0911'),
 ('0911-06','6ème Sect. La Corne','0911'),
 ('0911-90','Ville de Port-de-Paix','0911'),
 ('0912-01','1ère Sect. Pointe des Oiseaux','0912'),
 ('0912-02','2ème Sect. Mare Rouge','0912'),
 ('0912-90','Ville de la tortue','0912'),
 ('0913-01','1ère Sect. La Plate','0913'),
 ('0913-02','2ème Sect. Carreau Datty','0913'),
 ('0913-03','3ème Sect. Haut des Moustiques','0913'),
 ('0913-90','Ville de Bassin Bleu','0913'),
 ('0914-01','1ère Section Chansolme','0914'),
 ('0914-02','2ème Sect. Source Beauvoir','0914'),
 ('0914-90','Ville de Chansolme','0914'),
 ('0921-01','1ère Sect. Rivière des Nègres','0921'),
 ('0921-02','2ème Sect. Derouvray','0921'),
 ('0921-03','3ème Sect. des Granges','0921'),
 ('0921-04','4ème Sect. Rivière des Barres','0921'),
 ('0921-05','5ème Sect. Bonneau','0921'),
 ('0921-06','6ème Sect. Lafague (Chamoise)','0921'),
 ('0921-80','Quartier de Bonneau','0921'),
 ('0921-81','Quartier de Guichard','0921'),
 ('0921-90','Ville de Saint-Louis du Nord','0921'),
 ('0922-01','1ère Sect. Bas de Sainte-Anne','0922'),
 ('0922-02','2ème Sect. Mayance','0922'),
 ('0922-03','3ème Sect. Côtes de Fer','0922'),
 ('0922-90','Ville d''Anse-à-Foleur','0922'),
 ('0931-01','1ère Sect. de Côtes de Fer','0931'),
 ('0931-02','2ème Sect. Mare-Rouge','0931'),
 ('0931-03','3ème Sect. Damé','0931'),
 ('0931-90','Ville du Môle Saint-Nicolas','0931'),
 ('0932-01','1ère Sect. Citerne Rémy','0932'),
 ('0932-02','2ème Sect. Dos d''Ane','0932'),
 ('0932-03','3ème Sect. Réserve (Ti Paradis)','0932'),
 ('0932-04','4ème Sect. L''Estère Déré','0932'),
 ('0932-90','Ville de Baie de Henne','0932'),
 ('0933-01','1ère Sect. Plate Forme','0933'),
 ('0933-02','2ème Sect. des Forges','0933'),
 ('0933-03','3ème Sect. Plaine d''Orange','0933'),
 ('0933-90','Ville de Bombardopolis','0933'),
 ('0934-01','1ère Sect. Lacoma','0934'),
 ('0934-02','2e Sect. Guinaudée','0934'),
 ('0934-03','3e Sect. Vieille Hatte','0934'),
 ('0934-04','4e Sect. La Montagne','0934'),
 ('0934-05','5e Sect. Dessources','0934'),
 ('0934-06','6e Sect. Grande Source','0934'),
 ('0934-07','7e Diondio','0934'),
 ('0934-80','Quartier Bord de Mer','0934'),
 ('0934-90','Ville de Jean Rabel','0934'),
 ('1011-01','1ère Sect. Chalo','1011'),
 ('1011-02','2ème Sect. Belle-Rivière','1011'),
 ('1011-03','3ème Sect. Dessources','1011'),
 ('1011-04','4ème Sect. Saint-Michel','1011'),
 ('1011-80','Quartier Saint Michel du Sud','1011'),
 ('1011-90','Ville de Miragoane','1011'),
 ('1012-01','1ère Sect. Fond-des-Lianes','1012'),
 ('1012-02','2ème Sect. Cholette','1012'),
 ('1012-03','3ème Sect. Silègue','1012'),
 ('1012-04','4ème Sect. Bézi','1012'),
 ('1012-80','Quartier Charlier','1012'),
 ('1012-90','Ville de Petite-Rivière de Nippes','1012'),
 ('1013-01','1ère Sect. Bouzi','1013'),
 ('1013-02','2ème Sect. Fonds-des-Nègres ou Morne Brice','1013'),
 ('1013-03','3ème Sect. Pémerle','1013'),
 ('1013-04','4ème Sect. Cocoyers-Ducheine','1013'),
 ('1013-80','Quartier Bouzi','1013'),
 ('1013-90','Ville de Fonds-des-Nègres','1013'),
 ('1014-01','1ère Sect. Salagnac','1014'),
 ('1014-02','2ème Sect. Bézin II','1014'),
 ('1014-90','Ville de Paillant','1014'),
 ('1021-01','1ère Sect. Baconnois-Grand-Fond','1021'),
 ('1021-02','2ème Sect. Grande-Rivière-Joly','1021'),
 ('1021-03','3ème Sect. Saut du Baril','1021'),
 ('1021-80','Quartier de Baconnois','1021'),
 ('1021-81','Quartier Saut du Baril','1021'),
 ('1021-90','Ville de l''Anse à Veau','1021'),
 ('1022-01','1ère Sect. Raymond','1022'),
 ('1022-02','2ème Sect. Tiby','1022'),
 ('1022-03','3ème Sect. Lièvre','1022'),
 ('1022-80','Quartier de Grande-Ravine','1022'),
 ('1022-81','Quartier Lièvre','1022'),
 ('1022-90','Ville de Petit Trou de Nippes','1022'),
 ('1023-01','1ère Section l''Asile ou Nan Paul','1023'),
 ('1023-02','2ème Section Changieux','1023'),
 ('1023-03','3ème Sect. Tournade','1023'),
 ('1023-04','4ème Sect. Morisseau','1023'),
 ('1023-80','Quartier Changieux','1023'),
 ('1023-81','Quartier Morisseau','1023'),
 ('1023-90','Ville de l''Asile','1023'),
 ('1024-01','1ère Sect. Baconnois-Barreau','1024'),
 ('1024-02','2ème Sect. Baquet','1024'),
 ('1024-03','3ème Sect. Arnaud (Morcou)','1024'),
 ('1024-90','Ville d''Arnaud','1024'),
 ('1025-01','1ère Sect. Plaisance (ou Ti François)','1025'),
 ('1025-02','2ème Sect. Anse-aux-Pins','1025'),
 ('1025-03','3ème Sect. Vassal Labiche (avec Sénéac et Dupuy)','1025'),
 ('1025-90','Ville de Plaisance du Sud','1025'),
 ('1031-01','1ère Sect. Gérin ou Mouto','1031'),
 ('1031-02','2ème Sect. Tête d''Eau','1031'),
 ('1031-03','3ème Sect. Fond-Tortue','1031'),
 ('1031-04','4ème Sect. La Plaine','1031'),
 ('1031-05','5ème Sect. Rivière Salée','1031'),
 ('1031-81','Quartier Fond-Tortue','1031'),
 ('1031-90','Ville des Baradères','1031'),
 ('1032-01','1ère Sect. Grand Bouca','1032'),
 ('1032-02','2ème Sect. Eaux Basses','1032'),
 ('1032-80','Quartier Eaux Basses','1032'),
 ('1032-90','Ville de Grand Bouca','1032');
 
INSERT INTO `Tbl_Utilisation` (CodeCategorie,CodeUtilisation,Libelle) VALUES ('B7.1-1','10','Lokal kote w twouve pou pi piti yon menaj  '),
 ('B7.1-1','11','Òfelina, sant akèy oswa ebèjman'),
 ('B7.1-1','12','Kay  retrete (Kotew jwen n granmoun rete), Azil '),
 ('B7.1-1','13','Kay pou mè, pè, pastè rete / kay ki pou legliz, presbitè'),
 ('B7.1-1','14','Pansyon fanmi'),
 ('B7.1-1','15','Sant detansyon (Prizon)'),
 ('B7.1-1','16','Entèna'),
 ('B7.1-1','17','Yon lòt lokal kote w jwen n yon lojman kolektif'),
 ('B7.1-1','18','Lòt '),
 ('B7.1-2','20','Lekòl Etablisman preskolè/eskolè'),
 ('B7.1-2','21','Inivèsite/ Lekòl siperyè'),
 ('B7.1-2','22','Etablisman ki bay swen sante (Lopital, sant sante, dispansè ak tout lòt kay ki itilize pou bay swen sante )'),
 ('B7.1-2','23','Kote yo fè mès, reinyon ak priyè  (tanp, legliz, peristil, moske, ...)'),
 ('B7.1-2','24','Bibliyotèk, mize, sant kiltirèl'),
 ('B7.1-2','25','Sant pou moun pran plezi yo, amize yo'),
 ('B7.1-2','26','Lòt '),
 ('B7.1-3','30','Biwo administrasyon piblik/Konplèks Administratif'),
 ('B7.1-3','31','Komisarya'),
 ('B7.1-3','32','Izin, faktori '),
 ('B7.1-3','33','Atelye (atizan)'),
 ('B7.1-3','34','Komès: Magazen, Konplèks komèsyal '),
 ('B7.1-3','35','Komès : Boutik '),
 ('B7.1-3','36','Mache piblik'),
 ('B7.1-3','37','Lotèl / Obèj/ Restoran'),
 ('B7.1-3','38','Biwo pou antrepriz ki bay sèvis '),
 ('B7.1-3','39','Lòt antrepriz ki bay sèvis (estidyo, sibèkafe, ..)'),
 ('B7.1-3','40','Pò, ayewopò, ayewoga, pòs fwontyè'),
 ('B7.1-3','41','Lòt');
 
INSERT INTO `Tbl_Pays` (CodePays,NomPays) VALUES ('01101','AFRIQUE DU SUD'),
 ('01102','BOTSWANA'),
 ('01103','LOSOTHO'),
 ('01104','NAMIBIE'),
 ('01105','SWAZILAND'),
 ('01201','ANGOLA'),
 ('01202','CAMEROU'),
 ('01203','CONGO'),
 ('01204','GABO'),
 ('01205','GUINEE EQUATORIALE'),
 ('01206','REPUB. CENTRE AFRICAINE'),
 ('01207','SAOTOME-ET-PRINCIPE'),
 ('01208','TCHAD'),
 ('01209','REP. DEMOCR. DU CONGO (EX ZAIRE)'),
 ('01301','BURUNDI'),
 ('01302','COMORES'),
 ('01303','DJIBOUTI'),
 ('01304','ERYTHREE'),
 ('01305','ETHIOPIE'),
 ('01306','KENYA'),
 ('01307','MADAGASCAR'),
 ('01308','MALAWI'),
 ('01309','MAURICE'),
 ('01310','MOZAMBIQUE'),
 ('01311','OUGANDA'),
 ('01312','REUNIO'),
 ('01313','RWANDA'),
 ('01314','SEYCHELLES'),
 ('01315','SOMALIE'),
 ('01316','TANZANIE'),
 ('01317','ZAMBIE'),
 ('01318','ZIMBABWE'),
 ('01401','BENI'),
 ('01402','BURKINA FASO'),
 ('01403','CAP-VERT'),
 ('01404','COTE-D’IVOIRE'),
 ('01405','GAMBIE'),
 ('01406','GHANA'),
 ('01407','GUINEE'),
 ('01408','GUINEE BISSAU'),
 ('01409','LIBERIA'),
 ('01410','MALI'),
 ('01411','MAURITANIE'),
 ('01412','NIGER'),
 ('01413','NIGERIA'),
 ('01414','SENEGAL'),
 ('01415','SIERRE LEONE'),
 ('01416','TOGO'),
 ('01501','ALGERIE'),
 ('01502','EGYPTE'),
 ('01503','LIBYE'),
 ('01504','MAROC'),
 ('01505','SAHARA OCCIDENTAL'),
 ('01506','SOUDA'),
 ('01507','TUNISIE'),
 ('02101','BELIZE'),
 ('02102','COSTA RICA'),
 ('02103','EL SALVADOR'),
 ('02104','GUATEMALA'),
 ('02105','HONDURAS'),
 ('02106','MEXIQUE'),
 ('02107','NICARAGUA'),
 ('02108','PANAMA'),
 ('02201','ANTIGUA ET BARBUDA'),
 ('02202','ANTILLES NEERLANDAISES'),
 ('02203','ARUBA'),
 ('02204','BAHAMAS'),
 ('02205','BARBADE'),
 ('02206','CUBA'),
 ('02208','DOMINIQUE'),
 ('02209','GRENADE'),
 ('02210','GUADELOUPE'),
 ('02211','HAITI'),
 ('02212','JAMAIQUE'),
 ('02213','MARTINIQUE'),
 ('02214','PORTO-RICO'),
 ('02215','REP. DOMINICAINE'),
 ('02216','SAINTE LUCIE'),
 ('02217','ST KITTS ET NEVIS.'),
 ('02218','ST VINCENT ET GRENADINE'),
 ('02219','TRINIDAD ET TOBAGO'),
 ('02301','CANADA'),
 ('02302','ETATS UNIS D''AMERIQUE'),
 ('02401','ARGENTINE'),
 ('02402','BOLIVIE'),
 ('02403','BRESIL'),
 ('02404','CHILI'),
 ('02405','COLOMBIE'),
 ('02406','EQUATEUR'),
 ('02407','GUYANNE'),
 ('02408','PEROU'),
 ('02409','SURINAME'),
 ('02410','URUGUAY'),
 ('02411','VENEZUELA'),
 ('03101','AFGANISTA'),
 ('03102','BENGLADESH'),
 ('03103','BHOUTA'),
 ('03104','INDE'),
 ('03105','IRA'),
 ('03106','KAZAKISTA'),
 ('03107','MALDIVES'),
 ('03108','NEPAL'),
 ('03109','OUZBSKISTA'),
 ('03110','PAKISTA'),
 ('03111','SRI LANKA'),
 ('03112','TADJIKISTA'),
 ('03113','TURKMENISTA'),
 ('03201','CHINE'),
 ('03202','COREE DU NORD'),
 ('03203','COREE DU SUD'),
 ('03204','HONG KONG'),
 ('03205','JAPO'),
 ('03206','MONGOLIE'),
 ('03207','TAIWA'),
 ('03301','ARABIE SAOUDITE'),
 ('03302','ARMENIE'),
 ('03303','AZERBAIDJA'),
 ('03304','BAHREI'),
 ('03305','CHYPRE'),
 ('03306','CISJORDANIE'),
 ('03307','EMIRATS ARABES UNIS'),
 ('03308','GAZA'),
 ('03309','GEORGIE'),
 ('03310','IRAK'),
 ('03311','ISRAEL'),
 ('03312','JORDANIE'),
 ('03313','KOWEIT'),
 ('03314','LIBA'),
 ('03315','OMA'),
 ('03316','QUATAR'),
 ('03317','SYRIE'),
 ('03318','TURQUIE'),
 ('03319','YEME'),
 ('03401','BRUNEI'),
 ('03402','CAMBODGE'),
 ('03403','LAOS'),
 ('03404','MALAISIE'),
 ('03405','MYANMAR (BIRMANIE)'),
 ('03406','PHILLIPINES'),
 ('03407','SINGAPOUR'),
 ('03408','THAILANDE'),
 ('03409','VIET NAM'),
 ('03410','INDONESIE'),
 ('04101','ALBANIE'),
 ('04102','BOSNIE HERZEGOVINE'),
 ('04103','CROATIE'),
 ('04104','ESPAGNE'),
 ('04105','GRECE'),
 ('04106','ITALIE'),
 ('04107','MACEDONIE'),
 ('04108','MALTE'),
 ('04109','PORTUGAL'),
 ('04110','SAN MARINO'),
 ('04111','SLOVENIE'),
 ('04112','YOUGOSLAVIE'),
 ('04201','ALLEMAGNE'),
 ('04202','AUTRICHE'),
 ('04203','BELGIQUE'),
 ('04204','FRANCE'),
 ('04205','LEICHTENSTEI'),
 ('04206','LUXEMBOURG'),
 ('04207','PAYS-BAS'),
 ('04208','SUISSE'),
 ('04301','BIELORUSSIE'),
 ('04302','BULGARIE'),
 ('04303','HONGRIE'),
 ('04304','MOLDAVIE'),
 ('04305','POLOGNE'),
 ('04306','REP.TCHEQUE'),
 ('04307','ROUMANIE'),
 ('04308','RUSSIE'),
 ('04309','SLOVAQUIE'),
 ('04310','UKRAINE'),
 ('04401','DANEMARK'),
 ('04402','ESTONIE'),
 ('04403','FINLANDE'),
 ('04404','IRLANDE'),
 ('04405','ISLANDE'),
 ('04406','LITUANIE'),
 ('04407','LITNARIE'),
 ('04408','NORVEGE'),
 ('04409','ROYAUME-UNIE'),
 ('04410','SUEDE'),
 ('05101','AUSTRALIE'),
 ('05102','ETATS F. DE LA MICRON.'),
 ('05103','FIDJI'),
 ('05104','GUAM'),
 ('05105','ILES MARXHALL'),
 ('05106','ILES SALOMO'),
 ('05107','NOUVELLE CALEDONIE'),
 ('05108','VOUVELLE ZELANDE'),
 ('05109','NOUVELLE GUINEE (PAPOUASIE)'),
 ('05110','POLYNESIE- FRANCAISE'),
 ('05111','SAMOA- OCCIDENTALES'),
 ('05112','VANUATU'),
 ('09999','AUTRES PAYS');

 INSERT INTO `Tbl_Departement` (DeptId,DeptNom) VALUES ('01','Ouest'),
 ('02','Sud-Est'),
 ('03','Nord'),
 ('04','Nord-Est'),
 ('05','Artibonite'),
 ('06','Centre'),
 ('07','Sud'),
 ('08','Grand-Anse'),
 ('09','Nord-Ouest'),
 ('10','Nippes');

 INSERT INTO `Tbl_Commune` (ComId,ComNom,DeptId) VALUES ('0111','Port au Prince','01'),
 ('0112','Delmas','01'),
 ('0113','Carrefour','01'),
 ('0114','Pétion Ville','01'),
 ('0115','Kenscoff','01'),
 ('0116','Cité-Soleil','01'),
 ('0117','Gressier','01'),
 ('0118','Tabarre','01'),
 ('0121','Léogâne','01'),
 ('0122','Petit Gôave','01'),
 ('0123','Grand-Gôave','01'),
 ('0131','Croix-des-Bouquets','01'),
 ('0132','Thomazeau','01'),
 ('0133','Ganthier','01'),
 ('0134','Cornillo','01'),
 ('0135','Fonds-Verrettes','01'),
 ('0141','Arcahaie','01'),
 ('0142','Cabaret','01'),
 ('0151','Anse à Galets','01'),
 ('0152','Pointe-à-Raquettes','01'),
 ('0211','Jacmel','02'),
 ('0212','Marigot','02'),
 ('0213','Cayes Jacmel','02'),
 ('0214','La Vallée','02'),
 ('0221','Bainet','02'),
 ('0222','Côtes de Fer','02'),
 ('0231','Belle Anse','02'),
 ('0232','Grand Gosier','02'),
 ('0233','Thiotte','02'),
 ('0234','Anse à Pitres','02'),
 ('0311','Cap-Haïtie','03'),
 ('0312','Quartier Mori','03'),
 ('0313','Limonade','03'),
 ('0321','Acul du Nord','03'),
 ('0322','Plaine du Nord','03'),
 ('0323','Milot','03'),
 ('0331','Grande Rivère du Nord','03'),
 ('0332','Baho','03'),
 ('0341','Saint-Raphaël','03'),
 ('0342','Dondo','03'),
 ('0343','Ranquitte','03'),
 ('0344','Pigno','03'),
 ('0351','Borgne','03'),
 ('0352','Port-Margot','03'),
 ('0361','Limbé','03'),
 ('0362','Bas Limbé','03'),
 ('0371','Plaisance','03'),
 ('0372','Pilate','03'),
 ('0411','Fort-Liberté','04'),
 ('0412','Ferrier','04'),
 ('0413','Perches','04'),
 ('0421','Ouanaminthe','04'),
 ('0422','Capotille','04'),
 ('0423','Mont-Organisé','04'),
 ('0431','Trou du Nord','04'),
 ('0432','Sainte Suzanne','04'),
 ('0433','Terrier Rouge','04'),
 ('0434','Caracol','04'),
 ('0441','Vallières','04'),
 ('0442','Carice','04'),
 ('0443','Mombin Crochu','04'),
 ('0511','Gonaïves','05'),
 ('0512','Ennery','05'),
 ('0513','L''Estère','05'),
 ('0521','Gros Morne','05'),
 ('0522','Terre-Neuve','05'),
 ('0523','Anse Rouge','05'),
 ('0531','Saint Marc','05'),
 ('0532','Verrettes','05'),
 ('0533','La Chapelle','05'),
 ('0541','Dessalines','05'),
 ('0542','Petite Rivière de l''Artibonite','05'),
 ('0543','Grande Saline','05'),
 ('0544','Desdunes','05'),
 ('0551','Saint-Michel de l''attalaye','05'),
 ('0552','Marmelade','05'),
 ('0611','Hinche','06'),
 ('0612','Maïssade','06'),
 ('0613','Thomonde','06'),
 ('0614','Cerca Carvajal','06'),
 ('0621','Mirbalais','06'),
 ('0622','Saut D''eau','06'),
 ('0623','Boucan Carré','06'),
 ('0631','Lascahobas','06'),
 ('0632','Belladère','06'),
 ('0633','Savanette','06'),
 ('0641','Cerca-la-Source','06'),
 ('0642','Thomassique','06'),
 ('0711','Cayes','07'),
 ('0712','Torbeck','07'),
 ('0713','Chantal','07'),
 ('0714','Camp-Perri','07'),
 ('0715','Maniche','07'),
 ('0716','Ile à Vache','07'),
 ('0721','Port-Salut','07'),
 ('0722','Saint Jean du Sud','07'),
 ('0723','Arniquet','07'),
 ('0731','Aqui','07'),
 ('0732','Saint-Louis du Sud','07'),
 ('0733','Cavaillo','07'),
 ('0741','Coteaux','07'),
 ('0742','Port-à-Piment','07'),
 ('0743','Roche à Bateau','07'),
 ('0751','Chardonnières','07'),
 ('0752','Les Anglais','07'),
 ('0753','Tiburo','07'),
 ('0811','Jérémie','08'),
 ('0812','Abricots','08'),
 ('0813','Bonbo','08'),
 ('0814','Moro','08'),
 ('0815','Chambella','08'),
 ('0821','Anse d''Hainault','08'),
 ('0822','Dame-Marie','08'),
 ('0823','Irois','08'),
 ('0831','Corail','08'),
 ('0832','Roseaux','08'),
 ('0833','Beaumont','08'),
 ('0834','Pestel','08'),
 ('0911','Port-de-Paix','09'),
 ('0912','La Tortue','09'),
 ('0913','Bassin-Bleu','09'),
 ('0914','Chansolme','09'),
 ('0921','Saint Louis du Nord','09'),
 ('0922','Anse-à-Foleur','09'),
 ('0931','Môle St Nicolas','09'),
 ('0932','Baie-de -Henne','09'),
 ('0933','Bombardopolis','09'),
 ('0934','Jean-Rabel','09'),
 ('1011','Miragoane','10'),
 ('1012','Petite Rivière de Nippes','10'),
 ('1013','Fonds-des-Nègres','10'),
 ('1014','Paillant','10'),
 ('1021','Anse à Veau','10'),
 ('1022','Petit Trou de Nippes','10'),
 ('1023','L''Asile','10'),
 ('1024','Arnaud','10'),
 ('1025','Plaisance du Sud','10'),
 ('1031','Baradères','10'),
 ('1032','Grand Bouca','10');


/*Question et reponses BATIMENT*/

INSERT INTO Tbl_Questions (CodeQuestion, NomObjet,Libelle, DetailsQuestion, CodeCategorie,NomChamps , TypeQuestion, ContrainteQuestion,ValeurMaxParChiffre,NbreCaratereMaximal, EstSautReponse, QPrecedent, QSuivant  ) VALUES ('B1','Batiment', 'B1-.NAN KI ETA KAY LA YE?    ', '','1', 'Qb1Etat' , 1, 0,-1,-1, 1, '', 'B2');	
INSERT INTO Tbl_Questions (CodeQuestion, NomObjet,Libelle, DetailsQuestion, CodeCategorie,NomChamps , TypeQuestion, ContrainteQuestion,ValeurMaxParChiffre,NbreCaratereMaximal, EstSautReponse, QPrecedent, QSuivant  ) VALUES ('B2','Batiment', 'B2-.KI KALITE KAY, KAY LA YE? ', '','1', 'Qb2Type' , 1, 0,-1,-1, 1, 'B1', 'B3');	
INSERT INTO Tbl_Questions (CodeQuestion, NomObjet,Libelle, DetailsQuestion, CodeCategorie,NomChamps , TypeQuestion, ContrainteQuestion,ValeurMaxParChiffre,NbreCaratereMaximal, EstSautReponse, QPrecedent, QSuivant  ) VALUES ('B3','Batiment', 'B3.- KONBYEN ETAJ KAY LA GENGEN?', '','1', 'Qb3NombreEtage' , 1, 0,-1,-1, 0, 'B2', 'B5');	
INSERT INTO Tbl_Questions (CodeQuestion, NomObjet,Libelle, DetailsQuestion, CodeCategorie,NomChamps , TypeQuestion, ContrainteQuestion,ValeurMaxParChiffre,NbreCaratereMaximal, EstSautReponse, QPrecedent, QSuivant  ) VALUES ('B4','Batiment', 'B4.- AK KI MATERYO PANNO (MI) KAY LA PI PLIS FÈT?          ', '','1', 'Qb4MateriauMur' , 1, 0,-1,-1, 0, 'B3', 'B5');	
INSERT INTO Tbl_Questions (CodeQuestion, NomObjet,Libelle, DetailsQuestion, CodeCategorie,NomChamps , TypeQuestion, ContrainteQuestion,ValeurMaxParChiffre,NbreCaratereMaximal, EstSautReponse, QPrecedent, QSuivant  ) VALUES ('B5','Batiment', 'B5-.AK KI MATERYO DO (TET) KAY LA PI PLIS FÈT?', '','1', 'Qb5MateriauToit' , 1, 0,-1,-1, 0, 'B4', 'B6');	
INSERT INTO Tbl_Questions (CodeQuestion, NomObjet,Libelle, DetailsQuestion, CodeCategorie,NomChamps , TypeQuestion, ContrainteQuestion,ValeurMaxParChiffre,NbreCaratereMaximal, EstSautReponse, QPrecedent, QSuivant  ) VALUES ('B6','Batiment', 'B6.- ESKE KAY SA A (…) ? ', '','1', 'Qb6StatutOccupation' , 1, 0,-1,-1, 1, 'B5', 'B7.1');	
INSERT INTO Tbl_Questions (CodeQuestion, NomObjet,Libelle, DetailsQuestion, CodeCategorie,NomChamps , TypeQuestion, ContrainteQuestion,ValeurMaxParChiffre,NbreCaratereMaximal, EstSautReponse, QPrecedent, QSuivant  ) VALUES ('B7.1','Batiment', 'B7.- KI DE SA YO  PI PLIS FE NAN KAY SA A? ', '','1', 'Qb7GrandeUtilisation1' , 1, 0,-1,-1, 0, 'B5', 'B7.1.1');	
INSERT INTO Tbl_Questions (CodeQuestion, NomObjet,Libelle, DetailsQuestion, CodeCategorie,NomChamps , TypeQuestion, ContrainteQuestion,ValeurMaxParChiffre,NbreCaratereMaximal, EstSautReponse, QPrecedent, QSuivant  ) VALUES ('B7.1.1','Batiment', 'B7.1.1- PREMYE ITILIZASYON AN', '','1', 'Qb7Utilisation1' , 9, 0,-1,-1, 0, '', 'B7.2');	
INSERT INTO Tbl_Questions (CodeQuestion, NomObjet,Libelle, DetailsQuestion, CodeCategorie,NomChamps , TypeQuestion, ContrainteQuestion,ValeurMaxParChiffre,NbreCaratereMaximal, EstSautReponse, QPrecedent, QSuivant  ) VALUES ('B7.2','Batiment', 'B7.2- KI LOT BAGAY YO FE LADANL? ', 'itilizasyon 2','1', 'Qb7GrandeUtilisation2' , 1, 0,-1,-1, 1, 'B7.1', 'B7.2.1');	
INSERT INTO Tbl_Questions (CodeQuestion, NomObjet,Libelle, DetailsQuestion, CodeCategorie,NomChamps , TypeQuestion, ContrainteQuestion,ValeurMaxParChiffre,NbreCaratereMaximal, EstSautReponse, QPrecedent, QSuivant  ) VALUES ('B7.2.1','Batiment', 'B7.2.1- DEZYEM ITILIZASYON AN', '','1', 'Qb7Utilisation2' , 9, 0,-1,-1, 0, '', 'B8.1');	
INSERT INTO Tbl_Questions (CodeQuestion, NomObjet,Libelle, DetailsQuestion, CodeCategorie,NomChamps , TypeQuestion, ContrainteQuestion,ValeurMaxParChiffre,NbreCaratereMaximal, EstSautReponse, QPrecedent, QSuivant  ) VALUES ('B8.1','Batiment', 'B8.1-.NAN KAY SA A KONBYEN LOJMAN KOLEKTIF KI GENYEN?', 'Lojman kolektif ','1', 'Qb8NbreLogeCollectif' , 2, 1,-1,-1, 0, 'B7.2', 'B8.2  ');	
INSERT INTO Tbl_Questions (CodeQuestion, NomObjet,Libelle, DetailsQuestion, CodeCategorie,NomChamps , TypeQuestion, ContrainteQuestion,ValeurMaxParChiffre,NbreCaratereMaximal, EstSautReponse, QPrecedent, QSuivant  ) VALUES ('B8.2  ','Batiment', 'B8.2  -.NAN KAY SA A KONBYEN  LOJMAN ENDIVIDYÈL KI GENYEN?', 'Lojman endividyèl ','1', 'Qb8NbreLogeIndividuel' , 2, 1,-1,-1, 0, 'B8.1', 'FIN');	
INSERT INTO Tbl_Questions_Reponses (CodeQuestion, CodeUniqueReponse,EstEnfant,AvoirEnfant , CodeParent, QPrecedent, QSuivant) VALUES ('B1', 'B1-1',0,0 , '', '', '');
INSERT INTO Tbl_Questions_Reponses (CodeQuestion, CodeUniqueReponse,EstEnfant,AvoirEnfant , CodeParent, QPrecedent, QSuivant) VALUES ('B1', 'B1-2',0,0 , '', '', '');
INSERT INTO Tbl_Questions_Reponses (CodeQuestion, CodeUniqueReponse,EstEnfant,AvoirEnfant , CodeParent, QPrecedent, QSuivant) VALUES ('B1', 'B1-3',0,0 , '', '', '');
INSERT INTO Tbl_Questions_Reponses (CodeQuestion, CodeUniqueReponse,EstEnfant,AvoirEnfant , CodeParent, QPrecedent, QSuivant) VALUES ('B1', 'B1-4',0,0 , '', '', '');
INSERT INTO Tbl_Questions_Reponses (CodeQuestion, CodeUniqueReponse,EstEnfant,AvoirEnfant , CodeParent, QPrecedent, QSuivant) VALUES ('B1', 'B1-5',0,0 , '', '', 'FIN');

INSERT INTO Tbl_Questions_Reponses (CodeQuestion, CodeUniqueReponse,EstEnfant,AvoirEnfant , CodeParent, QPrecedent, QSuivant) VALUES ('B2', 'B2-1',0,0 , '', '', 'B4');
INSERT INTO Tbl_Questions_Reponses (CodeQuestion, CodeUniqueReponse,EstEnfant,AvoirEnfant , CodeParent, QPrecedent, QSuivant) VALUES ('B2', 'B2-2',0,0 , '', '', 'B4');
INSERT INTO Tbl_Questions_Reponses (CodeQuestion, CodeUniqueReponse,EstEnfant,AvoirEnfant , CodeParent, QPrecedent, QSuivant) VALUES ('B2', 'B2-3',0,0 , '', '', 'B4');
INSERT INTO Tbl_Questions_Reponses (CodeQuestion, CodeUniqueReponse,EstEnfant,AvoirEnfant , CodeParent, QPrecedent, QSuivant) VALUES ('B2', 'B2-4',0,0 , '', '', 'B3');
INSERT INTO Tbl_Questions_Reponses (CodeQuestion, CodeUniqueReponse,EstEnfant,AvoirEnfant , CodeParent, QPrecedent, QSuivant) VALUES ('B2', 'B2-5',0,0 , '', '', 'B3');
INSERT INTO Tbl_Questions_Reponses (CodeQuestion, CodeUniqueReponse,EstEnfant,AvoirEnfant , CodeParent, QPrecedent, QSuivant) VALUES ('B2', 'B2-6',0,0 , '', '', 'B3');
INSERT INTO Tbl_Questions_Reponses (CodeQuestion, CodeUniqueReponse,EstEnfant,AvoirEnfant , CodeParent, QPrecedent, QSuivant) VALUES ('B2', 'B2-7',0,0 , '', '', 'B3');
INSERT INTO Tbl_Questions_Reponses (CodeQuestion, CodeUniqueReponse,EstEnfant,AvoirEnfant , CodeParent, QPrecedent, QSuivant) VALUES ('B2', 'B2-8',0,0 , '', '', 'B4');
INSERT INTO Tbl_Questions_Reponses (CodeQuestion, CodeUniqueReponse,EstEnfant,AvoirEnfant , CodeParent, QPrecedent, QSuivant) VALUES ('B2', 'B2-9',0,0 , '', '', 'B4');
INSERT INTO Tbl_Questions_Reponses (CodeQuestion, CodeUniqueReponse,EstEnfant,AvoirEnfant , CodeParent, QPrecedent, QSuivant) VALUES ('B2', 'B2-10',0,0 , '', '', 'B3');

INSERT INTO Tbl_Questions_Reponses (CodeQuestion, CodeUniqueReponse,EstEnfant,AvoirEnfant , CodeParent, QPrecedent, QSuivant) VALUES ('B3', 'B3-1',0,0 , '', '', '');
INSERT INTO Tbl_Questions_Reponses (CodeQuestion, CodeUniqueReponse,EstEnfant,AvoirEnfant , CodeParent, QPrecedent, QSuivant) VALUES ('B3', 'B3-2',0,0 , '', '', '');
INSERT INTO Tbl_Questions_Reponses (CodeQuestion, CodeUniqueReponse,EstEnfant,AvoirEnfant , CodeParent, QPrecedent, QSuivant) VALUES ('B3', 'B3-3',0,0 , '', '', '');

INSERT INTO Tbl_Questions_Reponses (CodeQuestion, CodeUniqueReponse,EstEnfant,AvoirEnfant , CodeParent, QPrecedent, QSuivant) VALUES ('B4', 'B4-1',0,0 , '', '', '');
INSERT INTO Tbl_Questions_Reponses (CodeQuestion, CodeUniqueReponse,EstEnfant,AvoirEnfant , CodeParent, QPrecedent, QSuivant) VALUES ('B4', 'B4-2',0,0 , '', '', '');
INSERT INTO Tbl_Questions_Reponses (CodeQuestion, CodeUniqueReponse,EstEnfant,AvoirEnfant , CodeParent, QPrecedent, QSuivant) VALUES ('B4', 'B4-3',0,0 , '', '', '');
INSERT INTO Tbl_Questions_Reponses (CodeQuestion, CodeUniqueReponse,EstEnfant,AvoirEnfant , CodeParent, QPrecedent, QSuivant) VALUES ('B4', 'B4-4',0,0 , '', '', '');
INSERT INTO Tbl_Questions_Reponses (CodeQuestion, CodeUniqueReponse,EstEnfant,AvoirEnfant , CodeParent, QPrecedent, QSuivant) VALUES ('B4', 'B4-5',0,0 , '', '', '');
INSERT INTO Tbl_Questions_Reponses (CodeQuestion, CodeUniqueReponse,EstEnfant,AvoirEnfant , CodeParent, QPrecedent, QSuivant) VALUES ('B4', 'B4-6',0,0 , '', '', '');
INSERT INTO Tbl_Questions_Reponses (CodeQuestion, CodeUniqueReponse,EstEnfant,AvoirEnfant , CodeParent, QPrecedent, QSuivant) VALUES ('B4', 'B4-7',0,0 , '', '', '');
INSERT INTO Tbl_Questions_Reponses (CodeQuestion, CodeUniqueReponse,EstEnfant,AvoirEnfant , CodeParent, QPrecedent, QSuivant) VALUES ('B4', 'B4-8',0,0 , '', '', '');
INSERT INTO Tbl_Questions_Reponses (CodeQuestion, CodeUniqueReponse,EstEnfant,AvoirEnfant , CodeParent, QPrecedent, QSuivant) VALUES ('B4', 'B4-9',0,0 , '', '', '');

INSERT INTO Tbl_Questions_Reponses (CodeQuestion, CodeUniqueReponse,EstEnfant,AvoirEnfant , CodeParent, QPrecedent, QSuivant) VALUES ('B5', 'B5-1',0,0 , '', '', '');
INSERT INTO Tbl_Questions_Reponses (CodeQuestion, CodeUniqueReponse,EstEnfant,AvoirEnfant , CodeParent, QPrecedent, QSuivant) VALUES ('B5', 'B5-2',0,0 , '', '', '');
INSERT INTO Tbl_Questions_Reponses (CodeQuestion, CodeUniqueReponse,EstEnfant,AvoirEnfant , CodeParent, QPrecedent, QSuivant) VALUES ('B5', 'B5-3',0,0 , '', '', '');
INSERT INTO Tbl_Questions_Reponses (CodeQuestion, CodeUniqueReponse,EstEnfant,AvoirEnfant , CodeParent, QPrecedent, QSuivant) VALUES ('B5', 'B5-4',0,0 , '', '', '');
INSERT INTO Tbl_Questions_Reponses (CodeQuestion, CodeUniqueReponse,EstEnfant,AvoirEnfant , CodeParent, QPrecedent, QSuivant) VALUES ('B5', 'B5-5',0,0 , '', '', '');
INSERT INTO Tbl_Questions_Reponses (CodeQuestion, CodeUniqueReponse,EstEnfant,AvoirEnfant , CodeParent, QPrecedent, QSuivant) VALUES ('B5', 'B5-6',0,0 , '', '', '');
INSERT INTO Tbl_Questions_Reponses (CodeQuestion, CodeUniqueReponse,EstEnfant,AvoirEnfant , CodeParent, QPrecedent, QSuivant) VALUES ('B5', 'B5-7',0,0 , '', '', '');

INSERT INTO Tbl_Questions_Reponses (CodeQuestion, CodeUniqueReponse,EstEnfant,AvoirEnfant , CodeParent, QPrecedent, QSuivant) VALUES ('B6', 'B6-1',0,0 , '', '', 'B7.1');
INSERT INTO Tbl_Questions_Reponses (CodeQuestion, CodeUniqueReponse,EstEnfant,AvoirEnfant , CodeParent, QPrecedent, QSuivant) VALUES ('B6', 'B6-2',0,0 , '', '', 'FIN');

INSERT INTO Tbl_Questions_Reponses (CodeQuestion, CodeUniqueReponse,EstEnfant,AvoirEnfant , CodeParent, QPrecedent, QSuivant) VALUES ('B7.1', 'B7.1-1',0,0 , '', '', '');
INSERT INTO Tbl_Questions_Reponses (CodeQuestion, CodeUniqueReponse,EstEnfant,AvoirEnfant , CodeParent, QPrecedent, QSuivant) VALUES ('B7.1', 'B7.1-2',0,0 , '', '', '');
INSERT INTO Tbl_Questions_Reponses (CodeQuestion, CodeUniqueReponse,EstEnfant,AvoirEnfant , CodeParent, QPrecedent, QSuivant) VALUES ('B7.1', 'B7.1-3',0,0 , '', '', '');
INSERT INTO Tbl_Questions_Reponses (CodeQuestion, CodeUniqueReponse,EstEnfant,AvoirEnfant , CodeParent, QPrecedent, QSuivant) VALUES ('B7.1', 'B7.1-0',0,0 , '', '', '');

INSERT INTO Tbl_Questions_Reponses (CodeQuestion, CodeUniqueReponse,EstEnfant,AvoirEnfant , CodeParent, QPrecedent, QSuivant) VALUES ('B7.2', 'B7.2-1',0,0 , '', '', '');
INSERT INTO Tbl_Questions_Reponses (CodeQuestion, CodeUniqueReponse,EstEnfant,AvoirEnfant , CodeParent, QPrecedent, QSuivant) VALUES ('B7.2', 'B7.2-2',0,0 , '', '', '');
INSERT INTO Tbl_Questions_Reponses (CodeQuestion, CodeUniqueReponse,EstEnfant,AvoirEnfant , CodeParent, QPrecedent, QSuivant) VALUES ('B7.2', 'B7.2-3',0,0 , '', '', '');
INSERT INTO Tbl_Questions_Reponses (CodeQuestion, CodeUniqueReponse,EstEnfant,AvoirEnfant , CodeParent, QPrecedent, QSuivant) VALUES ('B7.2', 'B7.2-0',0,0 , '', '', 'B8.1');
INSERT INTO Tbl_Reponses (CodeUniqueReponse,CodeReponse , LibelleReponse) VALUES ('B1-1', '1', '1-Fin bati');
INSERT INTO Tbl_Reponses (CodeUniqueReponse,CodeReponse , LibelleReponse) VALUES ('B1-2', '2', '2-Ap bati');
INSERT INTO Tbl_Reponses (CodeUniqueReponse,CodeReponse , LibelleReponse) VALUES ('B1-3', '3', '3-L''ap repare ');
INSERT INTO Tbl_Reponses (CodeUniqueReponse,CodeReponse , LibelleReponse) VALUES ('B1-4', '4', '4-Li delabre ');
INSERT INTO Tbl_Reponses (CodeUniqueReponse,CodeReponse , LibelleReponse) VALUES ('B1-5', '5', '5-Pa konnen, paske li pa sou je');

INSERT INTO Tbl_Reponses (CodeUniqueReponse,CodeReponse , LibelleReponse) VALUES ('B2-1', '1', '1-Kay atè');
INSERT INTO Tbl_Reponses (CodeUniqueReponse,CodeReponse , LibelleReponse) VALUES ('B2-2', '2', '2-Todi');
INSERT INTO Tbl_Reponses (CodeUniqueReponse,CodeReponse , LibelleReponse) VALUES ('B2-3', '3', '3-Joupa');
INSERT INTO Tbl_Reponses (CodeUniqueReponse,CodeReponse , LibelleReponse) VALUES ('B2-4', '4', '4-Kay ki fèt ak siman/wocsiman/wóch oswa bwa, ki pou kont li');
INSERT INTO Tbl_Reponses (CodeUniqueReponse,CodeReponse , LibelleReponse) VALUES ('B2-5', '5', '5-Kay ki fèt ak simansiman/wóch oswa bwa, ki kole ak lot (townhouse)');
INSERT INTO Tbl_Reponses (CodeUniqueReponse,CodeReponse , LibelleReponse) VALUES ('B2-6', '6', '6-Kay estil gingerbread');
INSERT INTO Tbl_Reponses (CodeUniqueReponse,CodeReponse , LibelleReponse) VALUES ('B2-7', '7', '7-Edifis');
INSERT INTO Tbl_Reponses (CodeUniqueReponse,CodeReponse , LibelleReponse) VALUES ('B2-8', '8', '8-Anga');
INSERT INTO Tbl_Reponses (CodeUniqueReponse,CodeReponse , LibelleReponse) VALUES ('B2-9', '9', '9-Abri pwovizwa');
INSERT INTO Tbl_Reponses (CodeUniqueReponse,CodeReponse , LibelleReponse) VALUES ('B2-10', '10', '10-Lòt kalite');

INSERT INTO Tbl_Reponses (CodeUniqueReponse,CodeReponse , LibelleReponse) VALUES ('B3-1', '1', '1-Li pa gen etaj');
INSERT INTO Tbl_Reponses (CodeUniqueReponse,CodeReponse , LibelleReponse) VALUES ('B3-2', '2', '2-Yon (1) etaj');
INSERT INTO Tbl_Reponses (CodeUniqueReponse,CodeReponse , LibelleReponse) VALUES ('B3-3', '3', '3-De (2) etaj oswa plis');

INSERT INTO Tbl_Reponses (CodeUniqueReponse,CodeReponse , LibelleReponse) VALUES ('B4-1', '1', '1-Tach/Pay');
INSERT INTO Tbl_Reponses (CodeUniqueReponse,CodeReponse , LibelleReponse) VALUES ('B4-2', '2', '2-Katon / Tapi / Pwela / Plastik');

INSERT INTO Tbl_Reponses (CodeUniqueReponse,CodeReponse , LibelleReponse) VALUES ('B4-4', '4', '4-Bwa / Planch / Playwoud ');
INSERT INTO Tbl_Reponses (CodeUniqueReponse,CodeReponse , LibelleReponse) VALUES ('B4-5', '5', '5-Klis ');
INSERT INTO Tbl_Reponses (CodeUniqueReponse,CodeReponse , LibelleReponse) VALUES ('B4-6', '6', '6-Tè');
INSERT INTO Tbl_Reponses (CodeUniqueReponse,CodeReponse , LibelleReponse) VALUES ('B4-7', '7', '7-Brik  / Wòch ');
INSERT INTO Tbl_Reponses (CodeUniqueReponse,CodeReponse , LibelleReponse) VALUES ('B4-8', '8', '8-Siman  / Blòk');
INSERT INTO Tbl_Reponses (CodeUniqueReponse,CodeReponse , LibelleReponse) VALUES ('B4-9', '9', '9-Lòt materyo     ');

INSERT INTO Tbl_Reponses (CodeUniqueReponse,CodeReponse , LibelleReponse) VALUES ('B5-1', '1', '1-Tach / Pay / Zèb ');
INSERT INTO Tbl_Reponses (CodeUniqueReponse,CodeReponse , LibelleReponse) VALUES ('B5-2', '2', '2-Tapi / Pwela / Plastik');
INSERT INTO Tbl_Reponses (CodeUniqueReponse,CodeReponse , LibelleReponse) VALUES ('B5-3', '3', '3-Siman / Beton');
INSERT INTO Tbl_Reponses (CodeUniqueReponse,CodeReponse , LibelleReponse) VALUES ('B5-4', '4', '4-Tòl');
INSERT INTO Tbl_Reponses (CodeUniqueReponse,CodeReponse , LibelleReponse) VALUES ('B5-5', '5', '5-Twil');
INSERT INTO Tbl_Reponses (CodeUniqueReponse,CodeReponse , LibelleReponse) VALUES ('B5-6', '6', '6-Adwaz');
INSERT INTO Tbl_Reponses (CodeUniqueReponse,CodeReponse , LibelleReponse) VALUES ('B5-7', '7', '7-Lòt materyo');

INSERT INTO Tbl_Reponses (CodeUniqueReponse,CodeReponse , LibelleReponse) VALUES ('B6-1', '1', '1-Okipe');
INSERT INTO Tbl_Reponses (CodeUniqueReponse,CodeReponse , LibelleReponse) VALUES ('B6-2', '2', '2-Toujou vid      ');

INSERT INTO Tbl_Reponses (CodeUniqueReponse,CodeReponse , LibelleReponse) VALUES ('B7.1-1', '1', '1-Lokal kote moun rete');
INSERT INTO Tbl_Reponses (CodeUniqueReponse,CodeReponse , LibelleReponse) VALUES ('B7.1-2', '2', '2-Lokal ki gen yon enstitisyon ki bay sèvis sosyal de baz, kilt, kilti  ak lwazi');
INSERT INTO Tbl_Reponses (CodeUniqueReponse,CodeReponse , LibelleReponse) VALUES ('B7.1-3', '3', '3-Lokal ki gen Biwo leta, antrepriz ak lòt etablisman ');
INSERT INTO Tbl_Reponses (CodeUniqueReponse,CodeReponse , LibelleReponse) VALUES ('B7.1-0', '0', '0-Pa gen dezyem itilizasyon');

INSERT INTO Tbl_Reponses (CodeUniqueReponse,CodeReponse , LibelleReponse) VALUES ('B7.2-1', '1', '1-Lokal kote moun rete');
INSERT INTO Tbl_Reponses (CodeUniqueReponse,CodeReponse , LibelleReponse) VALUES ('B7.2-2', '2', '2-Lokal ki gen yon enstitisyon ki bay sèvis sosyal de baz, kilt, kilti  ak lwazi');
INSERT INTO Tbl_Reponses (CodeUniqueReponse,CodeReponse , LibelleReponse) VALUES ('B7.2-3', '3', '3-Lokal ki gen Biwo leta, antrepriz ak lòt etablisman ');
INSERT INTO Tbl_Reponses (CodeUniqueReponse,CodeReponse , LibelleReponse) VALUES ('B7.2-0', '0', '0-Pa gen dezyem itilizasyon');

/*lOGEMENT*/
INSERT INTO Tbl_Questions (CodeQuestion, NomObjet,Libelle, DetailsQuestion, CodeCategorie,NomChamps , TypeQuestion, ContrainteQuestion,ValeurMaxParChiffre,NbreCaratereMaximal, EstSautReponse, Qprecedent, Qsuivant  ) VALUES ('QTypeL','Logement', 'LIN4. - KI TIP LOJMAN SA A YE?    ', '','2', 'QlCategLogement' , 1, 0,-1,-1, 0, '', 'LIN1');
INSERT INTO Tbl_Questions (CodeQuestion, NomObjet,Libelle, DetailsQuestion, CodeCategorie,NomChamps , TypeQuestion, ContrainteQuestion,ValeurMaxParChiffre,NbreCaratereMaximal, EstSautReponse, Qprecedent, Qsuivant  ) VALUES ('LIN1','Logement', 'LIN1.- NIMEWO DÒD LOJMAN NAN KAY LA', '','2', 'Qlin1NumeroOrdre' , 3, 1,-1,-1, 0, 'QTypeL', 'LIN2');
INSERT INTO Tbl_Questions (CodeQuestion, NomObjet,Libelle, DetailsQuestion, CodeCategorie,NomChamps , TypeQuestion, ContrainteQuestion,ValeurMaxParChiffre,NbreCaratereMaximal, EstSautReponse, Qprecedent, Qsuivant  ) VALUES ('LIN2','Logement', 'LIN2. - ESKE LOJMAN SA A…?     ', '','2', 'Qlin3Occupation' , 1, 0,-1,-1, 1, 'LIN1', 'LIN3');
INSERT INTO Tbl_Questions (CodeQuestion, NomObjet,Libelle, DetailsQuestion, CodeCategorie,NomChamps , TypeQuestion, ContrainteQuestion,ValeurMaxParChiffre,NbreCaratereMaximal, EstSautReponse, Qprecedent, Qsuivant  ) VALUES ('LIN3','Logement', 'LIN3. - KONBYEN PYÈS LOJMAN SA A GENYEN?      ', '','2', 'Qlin9NombrePiece' , 2, 1,-1,-1, 0, 'LIN2', 'LIN4');
INSERT INTO Tbl_Questions (CodeQuestion, NomObjet,Libelle, DetailsQuestion, CodeCategorie,NomChamps , TypeQuestion, ContrainteQuestion,ValeurMaxParChiffre,NbreCaratereMaximal, EstSautReponse, Qprecedent, Qsuivant  ) VALUES ('LIN4','Logement', 'LIN4.- KONBYEN CHANM POU MOUN DOMI KI GENYEN NAN LOJMAN SA A ?', '','2', 'Qlin10NbreChambreACoucher' , 2, 1,-1,-1, 0, 'LIN3', 'LIN5');
INSERT INTO Tbl_Questions (CodeQuestion, NomObjet,Libelle, DetailsQuestion, CodeCategorie,NomChamps , TypeQuestion, ContrainteQuestion,ValeurMaxParChiffre,NbreCaratereMaximal, EstSautReponse, Qprecedent, Qsuivant  ) VALUES ('LIN5','Logement', 'LIN5.-KONBYEN MOUN KI TOUJOU AP VIV NAN LOJMAN SA A?', '','2', 'Qlin11NbreIndividuVivant' , 2, 1,-1,-1, 0, 'LIN4', 'LIN6');
INSERT INTO Tbl_Questions (CodeQuestion, NomObjet,Libelle, DetailsQuestion, CodeCategorie,NomChamps , TypeQuestion, ContrainteQuestion,ValeurMaxParChiffre,NbreCaratereMaximal, EstSautReponse, Qprecedent, Qsuivant  ) VALUES ('LIN6','Logement', 'LIN6.- NAN TOUT MOUN KI TOUJOU AP VIV NAN LOJMAN SA A, ÈSKE GEN YOUN NAN YO OSWA KEK NAN YO KI METE TET YO ANSANM POU FÈ DEPANS APA POU MANJE YO, POU YO BWÈ EPI LÒT BAGAY KI KONSÈNE YO?    ', '','2', 'Qlin12NbreIndividuDepense' , 1, 0,-1,-1, 1, 'LIN5', 'LIN7');
INSERT INTO Tbl_Questions (CodeQuestion, NomObjet,Libelle, DetailsQuestion, CodeCategorie,NomChamps , TypeQuestion, ContrainteQuestion,ValeurMaxParChiffre,NbreCaratereMaximal, EstSautReponse, Qprecedent, Qsuivant  ) VALUES ('LIN7','Logement', 'LIN7.- LÈ W METE MENAJ PAW LA ANSANM AK LOT YO, KI KANTITE MENAJ SA FÈ ANTOU NAN LOJMAN SA A ?   ', '','2', 'Qlin13NbreTotalMenage' , 2, 1,-1,-1, 0, 'LIN6', 'FIN');

INSERT INTO Tbl_Questions_Reponses (CodeQuestion, CodeUniqueReponse,EstEnfant,AvoirEnfant , CodeParent, Qprecedent, Qsuivant) VALUES ('LJ', 'LJ-1',0,0 , '', '', 'LIN2');
INSERT INTO Tbl_Questions_Reponses (CodeQuestion, CodeUniqueReponse,EstEnfant,AvoirEnfant , CodeParent, Qprecedent, Qsuivant) VALUES ('LJ', 'LJ-2',0,0 , '', '', 'LC1');

INSERT INTO Tbl_Questions_Reponses (CodeQuestion, CodeUniqueReponse,EstEnfant,AvoirEnfant , CodeParent, Qprecedent, Qsuivant) VALUES ('LC1', 'LC1-1',0,0 , '', '', 'FIN');
INSERT INTO Tbl_Questions_Reponses (CodeQuestion, CodeUniqueReponse,EstEnfant,AvoirEnfant , CodeParent, Qprecedent, Qsuivant) VALUES ('LC1', 'LC1-2',0,0 , '', '', 'FIN');
INSERT INTO Tbl_Questions_Reponses (CodeQuestion, CodeUniqueReponse,EstEnfant,AvoirEnfant , CodeParent, Qprecedent, Qsuivant) VALUES ('LC1', 'LC1-3',0,0 , '', '', 'FIN');
INSERT INTO Tbl_Questions_Reponses (CodeQuestion, CodeUniqueReponse,EstEnfant,AvoirEnfant , CodeParent, Qprecedent, Qsuivant) VALUES ('LC1', 'LC1-4',0,0 , '', '', 'FIN');
INSERT INTO Tbl_Questions_Reponses (CodeQuestion, CodeUniqueReponse,EstEnfant,AvoirEnfant , CodeParent, Qprecedent, Qsuivant) VALUES ('LC1', 'LC1-5',0,0 , '', '', 'FIN');
INSERT INTO Tbl_Questions_Reponses (CodeQuestion, CodeUniqueReponse,EstEnfant,AvoirEnfant , CodeParent, Qprecedent, Qsuivant) VALUES ('LC1', 'LC1-6',0,0 , '', '', 'LC2');
INSERT INTO Tbl_Questions_Reponses (CodeQuestion, CodeUniqueReponse,EstEnfant,AvoirEnfant , CodeParent, Qprecedent, Qsuivant) VALUES ('LC1', 'LC1-7',0,0 , '', '', 'LC2');
INSERT INTO Tbl_Questions_Reponses (CodeQuestion, CodeUniqueReponse,EstEnfant,AvoirEnfant , CodeParent, Qprecedent, Qsuivant) VALUES ('LC1', 'LC1-8',0,0 , '', '', 'LC2');
INSERT INTO Tbl_Questions_Reponses (CodeQuestion, CodeUniqueReponse,EstEnfant,AvoirEnfant , CodeParent, Qprecedent, Qsuivant) VALUES ('LC1', 'LC1-9',0,0 , '', '', 'LC2');
INSERT INTO Tbl_Questions_Reponses (CodeQuestion, CodeUniqueReponse,EstEnfant,AvoirEnfant , CodeParent, Qprecedent, Qsuivant) VALUES ('LC1', 'LC1-10',0,0 , '', '', 'LC2');
INSERT INTO Tbl_Questions_Reponses (CodeQuestion, CodeUniqueReponse,EstEnfant,AvoirEnfant , CodeParent, Qprecedent, Qsuivant) VALUES ('LC1', 'LC1-11',0,0 , '', '', 'LC2');
INSERT INTO Tbl_Questions_Reponses (CodeQuestion, CodeUniqueReponse,EstEnfant,AvoirEnfant , CodeParent, Qprecedent, Qsuivant) VALUES ('LC1', 'LC1-12',0,0 , '', '', 'LC2');
INSERT INTO Tbl_Questions_Reponses (CodeQuestion, CodeUniqueReponse,EstEnfant,AvoirEnfant , CodeParent, Qprecedent, Qsuivant) VALUES ('LC1', 'LC1-13',0,0 , '', '', 'LC2');
INSERT INTO Tbl_Questions_Reponses (CodeQuestion, CodeUniqueReponse,EstEnfant,AvoirEnfant , CodeParent, Qprecedent, Qsuivant) VALUES ('LC1', 'LC1-14',0,0 , '', '', 'LC2');
INSERT INTO Tbl_Questions_Reponses (CodeQuestion, CodeUniqueReponse,EstEnfant,AvoirEnfant , CodeParent, Qprecedent, Qsuivant) VALUES ('LC1', 'LC1-15',0,0 , '', '', 'LC2');

INSERT INTO Tbl_Questions_Reponses (CodeQuestion, CodeUniqueReponse,EstEnfant,AvoirEnfant , CodeParent, Qprecedent, Qsuivant) VALUES ('LIN2', 'LIN2-1',0,0 , '', '', 'LIN4');
INSERT INTO Tbl_Questions_Reponses (CodeQuestion, CodeUniqueReponse,EstEnfant,AvoirEnfant , CodeParent, Qprecedent, Qsuivant) VALUES ('LIN2', 'LIN2-2',0,0 , '', '', 'FIN');
INSERT INTO Tbl_Questions_Reponses (CodeQuestion, CodeUniqueReponse,EstEnfant,AvoirEnfant , CodeParent, Qprecedent, Qsuivant) VALUES ('LIN2', 'LIN2-3',0,0 , '', '', 'FIN');
INSERT INTO Tbl_Questions_Reponses (CodeQuestion, CodeUniqueReponse,EstEnfant,AvoirEnfant , CodeParent, Qprecedent, Qsuivant) VALUES ('LIN2', 'LIN2-4',0,0 , '', '', 'FIN');

INSERT INTO Tbl_Questions_Reponses (CodeQuestion, CodeUniqueReponse,EstEnfant,AvoirEnfant , CodeParent, Qprecedent, Qsuivant) VALUES ('LIN4', 'LIN4-1',0,0 , '', '', '');
INSERT INTO Tbl_Questions_Reponses (CodeQuestion, CodeUniqueReponse,EstEnfant,AvoirEnfant , CodeParent, Qprecedent, Qsuivant) VALUES ('LIN4', 'LIN4-2',0,0 , '', '', '');
INSERT INTO Tbl_Questions_Reponses (CodeQuestion, CodeUniqueReponse,EstEnfant,AvoirEnfant , CodeParent, Qprecedent, Qsuivant) VALUES ('LIN4', 'LIN4-3',0,0 , '', '', '');

INSERT INTO Tbl_Questions_Reponses (CodeQuestion, CodeUniqueReponse,EstEnfant,AvoirEnfant , CodeParent, Qprecedent, Qsuivant) VALUES ('LIN5', 'LIN5-1',0,0 , '', '', 'LIN6');
INSERT INTO Tbl_Questions_Reponses (CodeQuestion, CodeUniqueReponse,EstEnfant,AvoirEnfant , CodeParent, Qprecedent, Qsuivant) VALUES ('LIN5', 'LIN5-2',0,0 , '', '', 'LIN6');
INSERT INTO Tbl_Questions_Reponses (CodeQuestion, CodeUniqueReponse,EstEnfant,AvoirEnfant , CodeParent, Qprecedent, Qsuivant) VALUES ('LIN5', 'LIN5-3',0,0 , '', '', 'LIN6');
INSERT INTO Tbl_Questions_Reponses (CodeQuestion, CodeUniqueReponse,EstEnfant,AvoirEnfant , CodeParent, Qprecedent, Qsuivant) VALUES ('LIN5', 'LIN5-4',0,0 , '', '', 'LIN6');
INSERT INTO Tbl_Questions_Reponses (CodeQuestion, CodeUniqueReponse,EstEnfant,AvoirEnfant , CodeParent, Qprecedent, Qsuivant) VALUES ('LIN5', 'LIN5-5',0,0 , '', '', 'LIN6');
INSERT INTO Tbl_Questions_Reponses (CodeQuestion, CodeUniqueReponse,EstEnfant,AvoirEnfant , CodeParent, Qprecedent, Qsuivant) VALUES ('LIN5', 'LIN5-6',0,0 , '', '', 'LIN6');

INSERT INTO Tbl_Questions_Reponses (CodeQuestion, CodeUniqueReponse,EstEnfant,AvoirEnfant , CodeParent, Qprecedent, Qsuivant) VALUES ('LIN8', 'LIN8-1',0,0 , '', '', 'LIN9');
INSERT INTO Tbl_Questions_Reponses (CodeQuestion, CodeUniqueReponse,EstEnfant,AvoirEnfant , CodeParent, Qprecedent, Qsuivant) VALUES ('LIN9', 'LIN9-2',0,0 , '', '', 'FIN');

INSERT INTO Tbl_Reponses (CodeUniqueReponse,CodeReponse , LibelleReponse) VALUES ('LJ-1', '1', '1-Lojman Endividyèl');										
INSERT INTO Tbl_Reponses (CodeUniqueReponse,CodeReponse , LibelleReponse) VALUES ('LJ-2', '2', '2-Lojman Kolektif');										
										
INSERT INTO Tbl_Reponses (CodeUniqueReponse,CodeReponse , LibelleReponse) VALUES ('LC1-1', '1', '1-Pansyon Fanmi');										
INSERT INTO Tbl_Reponses (CodeUniqueReponse,CodeReponse , LibelleReponse) VALUES ('LC1-2', '2', '2-Kouvan/ Monastè');										
INSERT INTO Tbl_Reponses (CodeUniqueReponse,CodeReponse , LibelleReponse) VALUES ('LC1-3', '3', '3-Presbitè');										
INSERT INTO Tbl_Reponses (CodeUniqueReponse,CodeReponse , LibelleReponse) VALUES ('LC1-4', '4', '4-Òfelina');										
INSERT INTO Tbl_Reponses (CodeUniqueReponse,CodeReponse , LibelleReponse) VALUES ('LC1-5', '5', '5-Akademi polis');										
INSERT INTO Tbl_Reponses (CodeUniqueReponse,CodeReponse , LibelleReponse) VALUES ('LC1-6', '6', '6-Lazil oswa kote granmoun rete oswa kay retrèt');										
INSERT INTO Tbl_Reponses (CodeUniqueReponse,CodeReponse , LibelleReponse) VALUES ('LC1-7', '7', '7-Sant detansyon (Prizon)');										
INSERT INTO Tbl_Reponses (CodeUniqueReponse,CodeReponse , LibelleReponse) VALUES ('LC1-8', '8', '8-Komisarya');										
INSERT INTO Tbl_Reponses (CodeUniqueReponse,CodeReponse , LibelleReponse) VALUES ('LC1-9', '9', '9-Lekol-Entèna');										
INSERT INTO Tbl_Reponses (CodeUniqueReponse,CodeReponse , LibelleReponse) VALUES ('LC1-10', '10', '10-Kanmpis inivèsitè (Kay pou etidian oswa lòt tip ki sanble ak sa)');										
INSERT INTO Tbl_Reponses (CodeUniqueReponse,CodeReponse , LibelleReponse) VALUES ('LC1-11', '11', '11-Kote yo priye, fè reinyon ak lot.... (tanp, legliz, peristil, moske)');										
INSERT INTO Tbl_Reponses (CodeUniqueReponse,CodeReponse , LibelleReponse) VALUES ('LC1-12', '12', '12-Lopital');										
INSERT INTO Tbl_Reponses (CodeUniqueReponse,CodeReponse , LibelleReponse) VALUES ('LC1-13', '13', '13-Lojman pou pèsonèl (pèsonèl medikal, ...)');										
INSERT INTO Tbl_Reponses (CodeUniqueReponse,CodeReponse , LibelleReponse) VALUES ('LC1-14', '14', '14-Lotèl / Obèj');										
INSERT INTO Tbl_Reponses (CodeUniqueReponse,CodeReponse , LibelleReponse) VALUES ('LC1-15', '15', '15-Lòt lojman kolektif');										
INSERT INTO Tbl_Reponses (CodeUniqueReponse,CodeReponse , LibelleReponse) VALUES ('', '', '-');										
INSERT INTO Tbl_Reponses (CodeUniqueReponse,CodeReponse , LibelleReponse) VALUES ('LIN2-1', '1', '1-Okipe toutan epi moun yo la');										
INSERT INTO Tbl_Reponses (CodeUniqueReponse,CodeReponse , LibelleReponse) VALUES ('LIN2-2', '2', '2-Okipe toutan, men moun yo pa la ..……>       ');										
INSERT INTO Tbl_Reponses (CodeUniqueReponse,CodeReponse , LibelleReponse) VALUES ('LIN2-3', '3', '3-Vid yon lè konsa  ');										
INSERT INTO Tbl_Reponses (CodeUniqueReponse,CodeReponse , LibelleReponse) VALUES ('LIN2-4', '4', '4-Toujou vid');										
										
INSERT INTO Tbl_Reponses (CodeUniqueReponse,CodeReponse , LibelleReponse) VALUES ('LIN4-1', '1', '1-Apatman');										
INSERT INTO Tbl_Reponses (CodeUniqueReponse,CodeReponse , LibelleReponse) VALUES ('LIN4-2', '2', '2-Pyès (pyès kay)');										
INSERT INTO Tbl_Reponses (CodeUniqueReponse,CodeReponse , LibelleReponse) VALUES ('LIN4-3', '3', '3-Lòt');										
										
INSERT INTO Tbl_Reponses (CodeUniqueReponse,CodeReponse , LibelleReponse) VALUES ('LIN5-1', '1', '1-Tè');							
INSERT INTO Tbl_Reponses (CodeUniqueReponse,CodeReponse , LibelleReponse) VALUES ('LIN5-2', '2', '2-Bwa/Planch/Playwoud');										
INSERT INTO Tbl_Reponses (CodeUniqueReponse,CodeReponse , LibelleReponse) VALUES ('LIN5-3', '3', '3-Siman');										
INSERT INTO Tbl_Reponses (CodeUniqueReponse,CodeReponse , LibelleReponse) VALUES ('LIN5-4', '4', '4-Mozayik');										
INSERT INTO Tbl_Reponses (CodeUniqueReponse,CodeReponse , LibelleReponse) VALUES ('LIN5-5', '5', '5-Seramik/Terazo/Mab');										
INSERT INTO Tbl_Reponses (CodeUniqueReponse,CodeReponse , LibelleReponse) VALUES ('LIN5-6', '6', '6-Lòt materyo');										
										
INSERT INTO Tbl_Reponses (CodeUniqueReponse,CodeReponse , LibelleReponse) VALUES ('LIN8-1', '1', '1-Wi');										
INSERT INTO Tbl_Reponses (CodeUniqueReponse,CodeReponse , LibelleReponse) VALUES ('LIN9-2', '2', '2-Non');										
/*MENAGES*/
INSERT INTO Tbl_Questions (CodeQuestion, NomObjet,Libelle, DetailsQuestion, CodeCategorie,NomChamps , TypeQuestion, ContrainteQuestion,ValeurMaxParChiffre,NbreCaratereMaximal, EstSautReponse, Qprecedent, Qsuivant  ) VALUES ('M1','Menage', 'M1.- NIMEWO DÒD MENAJ LA NAN  LOJMAN AN         ', '','3', 'Qm1NoOrdre' , 3, 1,-1,3, 0, '', 'M2');
INSERT INTO Tbl_Questions (CodeQuestion, NomObjet,Libelle, DetailsQuestion, CodeCategorie,NomChamps , TypeQuestion, ContrainteQuestion,ValeurMaxParChiffre,NbreCaratereMaximal, EstSautReponse, Qprecedent, Qsuivant  ) VALUES ('M2','Menage', 'M2.- AK KI TIT MENAJ LA RETE NAN LOJMAN AN?     ', '','3', 'Qm2TitreOccupLoge' , 1, 0,-1,-1, 1, 'M2', 'M3');
INSERT INTO Tbl_Questions (CodeQuestion, NomObjet,Libelle, DetailsQuestion, CodeCategorie,NomChamps , TypeQuestion, ContrainteQuestion,ValeurMaxParChiffre,NbreCaratereMaximal, EstSautReponse, Qprecedent, Qsuivant  ) VALUES ('M3','Menage', 'M3.- SI  MENAJ LA SE MÈT LOJMAN AN, KIJAN LI TE FÈ', '','3', 'Qm3ModeObtentionLoge' , 1, 0,-1,-1, 0, 'M3', 'M4');
INSERT INTO Tbl_Questions (CodeQuestion, NomObjet,Libelle, DetailsQuestion, CodeCategorie,NomChamps , TypeQuestion, ContrainteQuestion,ValeurMaxParChiffre,NbreCaratereMaximal, EstSautReponse, Qprecedent, Qsuivant  ) VALUES ('M4','Menage', 'M4. KONBYEN MOUN KAP VIV ANTOU NAN MENAJ SA A? ', '','3', 'Qm14NbreTotalIndividu' , 2, 1,3,-1, 0, 'M4', 'M4.1');
INSERT INTO Tbl_Questions (CodeQuestion, NomObjet,Libelle, DetailsQuestion, CodeCategorie,NomChamps , TypeQuestion, ContrainteQuestion,ValeurMaxParChiffre,NbreCaratereMaximal, EstSautReponse, Qprecedent, Qsuivant  ) VALUES ('M4.1','Menage', 'Konbyen Gason  : ', '','3', 'Qm14NbreIndividuG' , 2, 1,3,-1, 0, 'M4.1', 'M4.2');
INSERT INTO Tbl_Questions (CodeQuestion, NomObjet,Libelle, DetailsQuestion, CodeCategorie,NomChamps , TypeQuestion, ContrainteQuestion,ValeurMaxParChiffre,NbreCaratereMaximal, EstSautReponse, Qprecedent, Qsuivant  ) VALUES ('M4.2','Menage', ' Konbyen  Fi :', '','3', 'Qm14NbreIndividuF' , 2, 1,3,-1, 0, 'M4.2', 'M5.1');
INSERT INTO Tbl_Questions (CodeQuestion, NomObjet,Libelle, DetailsQuestion, CodeCategorie,NomChamps , TypeQuestion, ContrainteQuestion,ValeurMaxParChiffre,NbreCaratereMaximal, EstSautReponse, Qprecedent, Qsuivant  ) VALUES ('M5.1','Menage', 'M5. PAMI TOUT MOUN KAP VIV NAN MENAJ SA A, KI LES KI CHEF MENAJ LA, BANM NON L  AK SIYATI L ? Bay 1.- Non:', '','3', 'Qm15NomChefMenage' , 2, 2,-1,-1, 0, 'M5.1', 'M5.2');
INSERT INTO Tbl_Questions (CodeQuestion, NomObjet,Libelle, DetailsQuestion, CodeCategorie,NomChamps , TypeQuestion, ContrainteQuestion,ValeurMaxParChiffre,NbreCaratereMaximal, EstSautReponse, Qprecedent, Qsuivant  ) VALUES ('M5.2','Menage', '2.- Siyati  :', '','3', 'Qm15PrenomChefMenage' , 2, 2,-1,-1, 0, 'M5.2', 'M6');
INSERT INTO Tbl_Questions (CodeQuestion, NomObjet,Libelle, DetailsQuestion, CodeCategorie,NomChamps , TypeQuestion, ContrainteQuestion,ValeurMaxParChiffre,NbreCaratereMaximal, EstSautReponse, Qprecedent, Qsuivant  ) VALUES ('M6','Menage', 'M6. POU KISA  SE (….) KE YO KONSIDERE KOM CHEF MENAJ SA A? ', '','3', 'Qm16RaisonEtreChefMenage' , 1, 0,-1,-1, 0, '', 'FIN');
INSERT INTO Tbl_Questions_Reponses (CodeQuestion, CodeUniqueReponse,EstEnfant,AvoirEnfant , CodeParent, Qprecedent, Qsuivant) VALUES ('M2', 'M2-1',0,0 , '', '', 'M3');
INSERT INTO Tbl_Questions_Reponses (CodeQuestion, CodeUniqueReponse,EstEnfant,AvoirEnfant , CodeParent, Qprecedent, Qsuivant) VALUES ('M2', 'M2-2',0,0 , '', '', 'M3');
INSERT INTO Tbl_Questions_Reponses (CodeQuestion, CodeUniqueReponse,EstEnfant,AvoirEnfant , CodeParent, Qprecedent, Qsuivant) VALUES ('M2', 'M2-3',0,0 , '', '', 'M3');
INSERT INTO Tbl_Questions_Reponses (CodeQuestion, CodeUniqueReponse,EstEnfant,AvoirEnfant , CodeParent, Qprecedent, Qsuivant) VALUES ('M2', 'M2-4',0,0 , '', '', 'M3');
INSERT INTO Tbl_Questions_Reponses (CodeQuestion, CodeUniqueReponse,EstEnfant,AvoirEnfant , CodeParent, Qprecedent, Qsuivant) VALUES ('M2', 'M2-5',0,0 , '', '', 'M4');
INSERT INTO Tbl_Questions_Reponses (CodeQuestion, CodeUniqueReponse,EstEnfant,AvoirEnfant , CodeParent, Qprecedent, Qsuivant) VALUES ('M2', 'M2-6',0,0 , '', '', 'M4');
INSERT INTO Tbl_Questions_Reponses (CodeQuestion, CodeUniqueReponse,EstEnfant,AvoirEnfant , CodeParent, Qprecedent, Qsuivant) VALUES ('M2', 'M2-7',0,0 , '', '', 'M4');
INSERT INTO Tbl_Questions_Reponses (CodeQuestion, CodeUniqueReponse,EstEnfant,AvoirEnfant , CodeParent, Qprecedent, Qsuivant) VALUES ('M2', 'M2-8',0,0 , '', '', 'M4');
INSERT INTO Tbl_Questions_Reponses (CodeQuestion, CodeUniqueReponse,EstEnfant,AvoirEnfant , CodeParent, Qprecedent, Qsuivant) VALUES ('M2', 'M2-9',0,0 , '', '', 'M4');

INSERT INTO Tbl_Questions_Reponses (CodeQuestion, CodeUniqueReponse,EstEnfant,AvoirEnfant , CodeParent, Qprecedent, Qsuivant) VALUES ('M3', 'M3-1',0,0 , '', '', '');
INSERT INTO Tbl_Questions_Reponses (CodeQuestion, CodeUniqueReponse,EstEnfant,AvoirEnfant , CodeParent, Qprecedent, Qsuivant) VALUES ('M3', 'M3-2',0,0 , '', '', '');
INSERT INTO Tbl_Questions_Reponses (CodeQuestion, CodeUniqueReponse,EstEnfant,AvoirEnfant , CodeParent, Qprecedent, Qsuivant) VALUES ('M3', 'M3-3',0,0 , '', '', '');
INSERT INTO Tbl_Questions_Reponses (CodeQuestion, CodeUniqueReponse,EstEnfant,AvoirEnfant , CodeParent, Qprecedent, Qsuivant) VALUES ('M3', 'M3-4',0,0 , '', '', '');
INSERT INTO Tbl_Questions_Reponses (CodeQuestion, CodeUniqueReponse,EstEnfant,AvoirEnfant , CodeParent, Qprecedent, Qsuivant) VALUES ('M3', 'M3-5',0,0 , '', '', '');
INSERT INTO Tbl_Questions_Reponses (CodeQuestion, CodeUniqueReponse,EstEnfant,AvoirEnfant , CodeParent, Qprecedent, Qsuivant) VALUES ('M3', 'M3-6',0,0 , '', '', '');
INSERT INTO Tbl_Questions_Reponses (CodeQuestion, CodeUniqueReponse,EstEnfant,AvoirEnfant , CodeParent, Qprecedent, Qsuivant) VALUES ('M3', 'M3-7',0,0 , '', '', '');

INSERT INTO Tbl_Questions_Reponses (CodeQuestion, CodeUniqueReponse,EstEnfant,AvoirEnfant , CodeParent, Qprecedent, Qsuivant) VALUES ('M6', 'M6-1',0,0 , '', '', '');
INSERT INTO Tbl_Questions_Reponses (CodeQuestion, CodeUniqueReponse,EstEnfant,AvoirEnfant , CodeParent, Qprecedent, Qsuivant) VALUES ('M6', 'M6-2',0,0 , '', '', '');
INSERT INTO Tbl_Questions_Reponses (CodeQuestion, CodeUniqueReponse,EstEnfant,AvoirEnfant , CodeParent, Qprecedent, Qsuivant) VALUES ('M6', 'M6-3',0,0 , '', '', '');
INSERT INTO Tbl_Questions_Reponses (CodeQuestion, CodeUniqueReponse,EstEnfant,AvoirEnfant , CodeParent, Qprecedent, Qsuivant) VALUES ('M6', 'M6-4',0,0 , '', '', '');
INSERT INTO Tbl_Questions_Reponses (CodeQuestion, CodeUniqueReponse,EstEnfant,AvoirEnfant , CodeParent, Qprecedent, Qsuivant) VALUES ('M6', 'M6-5',0,0 , '', '', '');
INSERT INTO Tbl_Questions_Reponses (CodeQuestion, CodeUniqueReponse,EstEnfant,AvoirEnfant , CodeParent, Qprecedent, Qsuivant) VALUES ('M6', 'M6-6',0,0 , '', '', '');
INSERT INTO Tbl_Questions_Reponses (CodeQuestion, CodeUniqueReponse,EstEnfant,AvoirEnfant , CodeParent, Qprecedent, Qsuivant) VALUES ('M6', 'M6-7',0,0 , '', '', '');
INSERT INTO Tbl_Questions_Reponses (CodeQuestion, CodeUniqueReponse,EstEnfant,AvoirEnfant , CodeParent, Qprecedent, Qsuivant) VALUES ('M6', 'M6-8',0,0 , '', '', '');
INSERT INTO Tbl_Questions_Reponses (CodeQuestion, CodeUniqueReponse,EstEnfant,AvoirEnfant , CodeParent, Qprecedent, Qsuivant) VALUES ('M6', 'M6-9',0,0 , '', '', '');
INSERT INTO Tbl_Questions_Reponses (CodeQuestion, CodeUniqueReponse,EstEnfant,AvoirEnfant , CodeParent, Qprecedent, Qsuivant) VALUES ('M6', 'M6-10',0,0 , '', '', '');
INSERT INTO Tbl_Questions_Reponses (CodeQuestion, CodeUniqueReponse,EstEnfant,AvoirEnfant , CodeParent, Qprecedent, Qsuivant) VALUES ('M6', 'M6-11',0,0 , '', '', '');

INSERT INTO Tbl_Reponses (CodeUniqueReponse,CodeReponse , LibelleReponse) VALUES ('M2-1', '1', '1-Pwopriyetè lojman an ak tèren an ');					
INSERT INTO Tbl_Reponses (CodeUniqueReponse,CodeReponse , LibelleReponse) VALUES ('M2-2', '2', '2-Pwopriyetè lojman an sèlman ');					
INSERT INTO Tbl_Reponses (CodeUniqueReponse,CodeReponse , LibelleReponse) VALUES ('M2-3', '3', '3-Fèmye / Lokatè lojman an sèlman');					
INSERT INTO Tbl_Reponses (CodeUniqueReponse,CodeReponse , LibelleReponse) VALUES ('M2-4', '4', '4-Fèmye / Lokatè lojman an ak tèren an');					
INSERT INTO Tbl_Reponses (CodeUniqueReponse,CodeReponse , LibelleReponse) VALUES ('M2-5', '5', '5-Yo ba li rete ladan n');					
INSERT INTO Tbl_Reponses (CodeUniqueReponse,CodeReponse , LibelleReponse) VALUES ('M2-6', '6', '6-Li rete ladan n san pèson n pa ba li');					
INSERT INTO Tbl_Reponses (CodeUniqueReponse,CodeReponse , LibelleReponse) VALUES ('M2-7', '7', '7-Lòt');					
					
INSERT INTO Tbl_Reponses (CodeUniqueReponse,CodeReponse , LibelleReponse) VALUES ('M5-1', '1', '1-Bwa / Pay');					
INSERT INTO Tbl_Reponses (CodeUniqueReponse,CodeReponse , LibelleReponse) VALUES ('M5-2', '2', '2-Gaz (Bonbòn)');					
INSERT INTO Tbl_Reponses (CodeUniqueReponse,CodeReponse , LibelleReponse) VALUES ('M5-3', '3', '3-Elektrisite (Kouran)');					
INSERT INTO Tbl_Reponses (CodeUniqueReponse,CodeReponse , LibelleReponse) VALUES ('M5-4', '4', '4-Chabon bwa');					
INSERT INTO Tbl_Reponses (CodeUniqueReponse,CodeReponse , LibelleReponse) VALUES ('M5-5', '5', '5-Chabon Brikèt');					
INSERT INTO Tbl_Reponses (CodeUniqueReponse,CodeReponse , LibelleReponse) VALUES ('M5-6', '6', '6-Kewozè n');					
INSERT INTO Tbl_Reponses (CodeUniqueReponse,CodeReponse , LibelleReponse) VALUES ('M5-7', '7', '7-Enèji solèy');					
INSERT INTO Tbl_Reponses (CodeUniqueReponse,CodeReponse , LibelleReponse) VALUES ('M5-8', '8', '8-Lòt');					
INSERT INTO Tbl_Reponses (CodeUniqueReponse,CodeReponse , LibelleReponse) VALUES ('M5-9', '9', '9-Pa konsène');					
					
INSERT INTO Tbl_Reponses (CodeUniqueReponse,CodeReponse , LibelleReponse) VALUES ('M5.1-1', '1', '1-Bwa / Pay');					
INSERT INTO Tbl_Reponses (CodeUniqueReponse,CodeReponse , LibelleReponse) VALUES ('M5.1-2', '2', '2-Gaz (Bonbòn)');					
INSERT INTO Tbl_Reponses (CodeUniqueReponse,CodeReponse , LibelleReponse) VALUES ('M5.1-3', '3', '3-Elektrisite (Kouran)');					
INSERT INTO Tbl_Reponses (CodeUniqueReponse,CodeReponse , LibelleReponse) VALUES ('M5.1-4', '4', '4-Chabon bwa');					
INSERT INTO Tbl_Reponses (CodeUniqueReponse,CodeReponse , LibelleReponse) VALUES ('M5.1-5', '5', '5-Chabon Brikèt');					
INSERT INTO Tbl_Reponses (CodeUniqueReponse,CodeReponse , LibelleReponse) VALUES ('M5.1-6', '6', '6-Kewozè n');					
INSERT INTO Tbl_Reponses (CodeUniqueReponse,CodeReponse , LibelleReponse) VALUES ('M5.1-7', '7', '7-Enèji solèy');					
INSERT INTO Tbl_Reponses (CodeUniqueReponse,CodeReponse , LibelleReponse) VALUES ('M5.1-8', '8', '8-Lòt');					
INSERT INTO Tbl_Reponses (CodeUniqueReponse,CodeReponse , LibelleReponse) VALUES ('M5.1-9', '9', '9-Pa konsène');					
					
INSERT INTO Tbl_Reponses (CodeUniqueReponse,CodeReponse , LibelleReponse) VALUES ('M8-1', '1', '1-Nan watè klozèt (WC) ki nan lojman an');					
INSERT INTO Tbl_Reponses (CodeUniqueReponse,CodeReponse , LibelleReponse) VALUES ('M8-2', '2', '2-Nan latrin pou moun ki fè pati menaj la sèlman ');					
INSERT INTO Tbl_Reponses (CodeUniqueReponse,CodeReponse , LibelleReponse) VALUES ('M8-3', '3', '3-Nan latrin pou vwazinaj tou/ latrin piblik');					
INSERT INTO Tbl_Reponses (CodeUniqueReponse,CodeReponse , LibelleReponse) VALUES ('M8-4', '4', '4-Nan yon twou nan lakou a');					
INSERT INTO Tbl_Reponses (CodeUniqueReponse,CodeReponse , LibelleReponse) VALUES ('M8-5', '5', '5-Oken n');					
/*DECES*/
INSERT INTO [Tbl_Questions] ([CodeQuestion], NomObjet,[Libelle], [DetailsQuestion], [CodeCategorie],[NomChamps] , [TypeQuestion], [ContrainteQuestion],ValeurMaxParChiffre,NbreCaratereMaximal, [EstSautReponse], [QPrecedent], [QSuivant]  ) VALUES ('D1','Deces', 'D1.- PANDAN DOUZ (12) DÈNYE MWA KI SOT PASE LA YO, SA VLE DI,  SOTI NAN ...........  POU  RIVE NAN ............., ÈSKE GEN YOUN OSWA PLIZYÈ MOUN KI  TE MANM MENAJ LA KI MOURI (sonje ti moun ki fek fèt yo ak granmoun ki gen pi plis laj yo ladann tou) ?       ', '','4', 'Qd1Deces' , 1, 0,3,-1, 1, '', 'D1.1');
INSERT INTO [Tbl_Questions] ([CodeQuestion], NomObjet,[Libelle], [DetailsQuestion], [CodeCategorie],[NomChamps] , [TypeQuestion], [ContrainteQuestion],ValeurMaxParChiffre,NbreCaratereMaximal, [EstSautReponse], [QPrecedent], [QSuivant]  ) VALUES ('D1.1','Deces', 'D1.1-Konbyen Fanm ', '','4', 'Qd1NbreDecedeFille' , 2, 1,-1,2, 0, 'D1', 'D1.2');
INSERT INTO [Tbl_Questions] ([CodeQuestion], NomObjet,[Libelle], [DetailsQuestion], [CodeCategorie],[NomChamps] , [TypeQuestion], [ContrainteQuestion],ValeurMaxParChiffre,NbreCaratereMaximal, [EstSautReponse], [QPrecedent], [QSuivant]  ) VALUES ('D1.2','Deces', 'D1.2-Konbyen Gason', '','4', 'Qd1NbreDecedeGarcon' , 2, 0,-1,2, 0, 'D1.1', 'FIN');
INSERT INTO Tbl_Questions_Reponses ([CodeQuestion], CodeUniqueReponse,[EstEnfant],AvoirEnfant , CodeParent, [QPrecedent], [QSuivant]) VALUES ('D1', 'D1-1',0,0 , '', '', 'D1.1');
INSERT INTO Tbl_Questions_Reponses ([CodeQuestion], CodeUniqueReponse,[EstEnfant],AvoirEnfant , CodeParent, [QPrecedent], [QSuivant]) VALUES ('D1', 'D1-2',0,0 , '', '', 'FIN');
INSERT INTO Tbl_Questions_Reponses ([CodeQuestion], CodeUniqueReponse,[EstEnfant],AvoirEnfant , CodeParent, [QPrecedent], [QSuivant]) VALUES ('D1', 'D1-3',0,0 , '', '', 'FIN');
								
INSERT INTO Tbl_Reponses (CodeUniqueReponse,[CodeReponse] , [LibelleReponse]) VALUES ('D1-1', '1', '1-Wi');								
INSERT INTO Tbl_Reponses (CodeUniqueReponse,[CodeReponse] , [LibelleReponse]) VALUES ('D1-2', '2', '2-Non');								
INSERT INTO Tbl_Reponses (CodeUniqueReponse,[CodeReponse] , [LibelleReponse]) VALUES ('D1-3', '3', '3-Pa konnen');	

/*EMIGRE*/	
INSERT INTO [Tbl_Questions] ([CodeQuestion], [NomObjet],[Libelle], [DetailsQuestion], [CodeCategorie],[NomChamps] , [TypeQuestion], [ContrainteQuestion],ValeurMaxParChiffre,NbreCaratereMaximal, [EstSautReponse], [QPrecedent], [QSuivant]  ) VALUES ('N1','Emigre', 'N1.- PANDAN SENK (5) DÈNYE LANE KI SÒT PASE LA YO, SOTI NAN........ POU RIVE NAN ........., ESKE GEN YOUN OSWA PLIZYÈ MOUN KI TE FE PATI MENAJ LA KI TE KITE PEYI A POU ALE VIV NAN PEYI LETRANJE E KI PA TOUNEN ?', '','5', 'Qn1Emigration' , 1, 0,-1,-1, 1, '', 'N1.1');
INSERT INTO [Tbl_Questions] ([CodeQuestion], [NomObjet],[Libelle], [DetailsQuestion], [CodeCategorie],[NomChamps] , [TypeQuestion], [ContrainteQuestion],ValeurMaxParChiffre,NbreCaratereMaximal, [EstSautReponse], [QPrecedent], [QSuivant]  ) VALUES ('N1.1','Emigre', 'N1.1.- Konbyen Fanm?', '','5', 'Qn1NbreEmigreF' , 2, 1,2,-1, 0, 'N1', 'N1.2');
INSERT INTO [Tbl_Questions] ([CodeQuestion], [NomObjet],[Libelle], [DetailsQuestion], [CodeCategorie],[NomChamps] , [TypeQuestion], [ContrainteQuestion],ValeurMaxParChiffre,NbreCaratereMaximal, [EstSautReponse], [QPrecedent], [QSuivant]  ) VALUES ('N1.2','Emigre', 'N1.2.-Konbyen Gason?', '','5', 'Qn1NbreEmigreG' , 2, 0,2,-1, 0, 'N1.1', 'FIN');
INSERT INTO Tbl_Reponses (CodeUniqueReponse,[CodeReponse] , [LibelleReponse]) VALUES ('N1.1-1', '1', '1-Wi');
INSERT INTO Tbl_Reponses (CodeUniqueReponse,[CodeReponse] , [LibelleReponse]) VALUES ('N1.1-2', '2', '2-Non');
INSERT INTO Tbl_Questions_Reponses ([CodeQuestion], CodeUniqueReponse,AvoirEnfant,[EstEnfant] , CodeParent, [QPrecedent], [QSuivant]) VALUES ('N1.1', 'N1.1-1',0,0 , '', '', 'N1.1');
INSERT INTO Tbl_Questions_Reponses ([CodeQuestion], CodeUniqueReponse,AvoirEnfant,[EstEnfant] , CodeParent, [QPrecedent], [QSuivant]) VALUES ('N1.1', 'N1.1-2',0,0 , '', '', 'FIN');
/* INDIVIDUS*/
INSERT INTO [Tbl_Questions] ([CodeQuestion], [NomObjet],[Libelle], [DetailsQuestion], [CodeCategorie],[NomChamps] , [TypeQuestion], [ContrainteQuestion],ValeurMaxParChiffre,NbreCaratereMaximal, [EstSautReponse], [QPrecedent], [QSuivant]  ) VALUES ('QP1','Individu', 'NIMEWO DOD', '','6', 'Qp1NoOrdre' , 3, 1,3,3, 0, '', 'QP2A');
INSERT INTO [Tbl_Questions] ([CodeQuestion], [NomObjet],[Libelle], [DetailsQuestion], [CodeCategorie],[NomChamps] , [TypeQuestion], [ContrainteQuestion],ValeurMaxParChiffre,NbreCaratereMaximal, [EstSautReponse], [QPrecedent], [QSuivant]  ) VALUES ('QP2A','Individu', 'P2-NON', 'NON','6', 'Q2Nom' , 2, 2,-1,-1, 0, 'QP1', 'QP2B');
INSERT INTO [Tbl_Questions] ([CodeQuestion], [NomObjet],[Libelle], [DetailsQuestion], [CodeCategorie],[NomChamps] , [TypeQuestion], [ContrainteQuestion],ValeurMaxParChiffre,NbreCaratereMaximal, [EstSautReponse], [QPrecedent], [QSuivant]  ) VALUES ('QP2B','Individu', 'P2-SIYATI', 'SIYATI','6', 'Q3Prenom' , 2, 2,-1,-1, 0, 'QP2A', 'QP3');
INSERT INTO [Tbl_Questions] ([CodeQuestion], [NomObjet],[Libelle], [DetailsQuestion], [CodeCategorie],[NomChamps] , [TypeQuestion], [ContrainteQuestion],ValeurMaxParChiffre,NbreCaratereMaximal, [EstSautReponse], [QPrecedent], [QSuivant]  ) VALUES ('QP3','Individu', 'P3-KI RELASYON OSWA KISA {0} YE  POU CHÈF MENAJ LA?', '','6', 'Q3LienDeParente' , 1, 0,-1,-1, 0, 'QP2B', 'QP3a');
INSERT INTO [Tbl_Questions] ([CodeQuestion], [NomObjet],[Libelle], [DetailsQuestion], [CodeCategorie],[NomChamps] , [TypeQuestion], [ContrainteQuestion],ValeurMaxParChiffre,NbreCaratereMaximal, [EstSautReponse], [QPrecedent], [QSuivant]  ) VALUES ('QP3a','Individu', 'P3a.- POU KI REZON MANM MENAJ LA KONSIDERE {0} KÒM CHÈF MENAJ LA ?', '','5', 'Q3aRaisonChefMenage' , 1, 0,-1,-1, 0, 'QP3', 'QP4');
INSERT INTO [Tbl_Questions] ([CodeQuestion], [NomObjet],[Libelle], [DetailsQuestion], [CodeCategorie],[NomChamps] , [TypeQuestion], [ContrainteQuestion],ValeurMaxParChiffre,NbreCaratereMaximal, [EstSautReponse], [QPrecedent], [QSuivant]  ) VALUES ('QP4','Individu', 'P4-ÈSKE {0} SE  ? ', '','6', 'Q4Sexe' , 1, 0,-1,-1, 0, 'QP3', 'QP5.1');
INSERT INTO [Tbl_Questions] ([CodeQuestion], [NomObjet],[Libelle], [DetailsQuestion], [CodeCategorie],[NomChamps] , [TypeQuestion], [ContrainteQuestion],ValeurMaxParChiffre,NbreCaratereMaximal, [EstSautReponse], [QPrecedent], [QSuivant]  ) VALUES ('QP5.1','Individu', 'P5A-Ki DAT {0} TE FÈT ? BAY JOU A', '','6', 'Q7DateNaissanceJour' , 2, 1,2,-1, 0, 'QP3a', 'QP5.2');
INSERT INTO [Tbl_Questions] ([CodeQuestion], [NomObjet],[Libelle], [DetailsQuestion], [CodeCategorie],[NomChamps] , [TypeQuestion], [ContrainteQuestion],ValeurMaxParChiffre,NbreCaratereMaximal, [EstSautReponse], [QPrecedent], [QSuivant]  ) VALUES ('QP5.2','Individu', 'P5A-Ki DAT {0} TE FÈT ? BAY MWA A', '','6', 'Q7DateNaissanceMois' , 2, 1,2,-1, 0, 'QP5.1', 'QP5.3');
INSERT INTO [Tbl_Questions] ([CodeQuestion], [NomObjet],[Libelle], [DetailsQuestion], [CodeCategorie],[NomChamps] , [TypeQuestion], [ContrainteQuestion],ValeurMaxParChiffre,NbreCaratereMaximal, [EstSautReponse], [QPrecedent], [QSuivant]  ) VALUES ('QP5.3','Individu', 'P5A-Ki DAT {0} TE FÈT ? BAY ANE A', '','6', 'Q7DateNaissanceAnnee' , 2, 1,4,-1, 0, 'QP5.2', 'QP5B');
INSERT INTO [Tbl_Questions] ([CodeQuestion], [NomObjet],[Libelle], [DetailsQuestion], [CodeCategorie],[NomChamps] , [TypeQuestion], [ContrainteQuestion],ValeurMaxParChiffre,NbreCaratereMaximal, [EstSautReponse], [QPrecedent], [QSuivant]  ) VALUES ('QP5B','Individu', 'P5B-KI LAJ {0} GENYEN ?', '','6', 'Q5bAge' , 2, 1,3,-1, 0, 'QP5.3', 'QP7');
INSERT INTO [Tbl_Questions] ([CodeQuestion], [NomObjet],[Libelle], [DetailsQuestion], [CodeCategorie],[NomChamps] , [TypeQuestion], [ContrainteQuestion],ValeurMaxParChiffre,NbreCaratereMaximal, [EstSautReponse], [QPrecedent], [QSuivant]  ) VALUES ('QP7','Individu', 'P7-KI NASYONALITE {0} ?', '','6', 'Qp7Nationalite' , 1, 0,-1,-1, 1, 'QP5.1', 'QP7.1');
INSERT INTO [Tbl_Questions] ([CodeQuestion], [NomObjet],[Libelle], [DetailsQuestion], [CodeCategorie],[NomChamps] , [TypeQuestion], [ContrainteQuestion],ValeurMaxParChiffre,NbreCaratereMaximal, [EstSautReponse], [QPrecedent], [QSuivant]  ) VALUES ('QP7.1','Individu', 'P7.A- AYISYEN AK ETRANJE, DI KI PEYI?', '','6', 'Qp7PaysNationalite' , 1, 0,-1,-1, 1, 'QP7', 'QP10');
INSERT INTO [Tbl_Questions] ([CodeQuestion], [NomObjet],[Libelle], [DetailsQuestion], [CodeCategorie],[NomChamps] , [TypeQuestion], [ContrainteQuestion],ValeurMaxParChiffre,NbreCaratereMaximal, [EstSautReponse], [QPrecedent], [QSuivant]  ) VALUES ('QP10','Individu', 'P10-KI KOTE {0} FÈT ? ', '','6', 'Qp10LieuNaissance' , 1, 0,-1,-1, 1, 'QP7.1', 'QP10.1');
INSERT INTO [Tbl_Questions] ([CodeQuestion], [NomObjet],[Libelle], [DetailsQuestion], [CodeCategorie],[NomChamps] , [TypeQuestion], [ContrainteQuestion],ValeurMaxParChiffre,NbreCaratereMaximal, [EstSautReponse], [QPrecedent], [QSuivant]  ) VALUES ('QP10.1','Individu', 'P10-A. DEPATMAN', '','6', 'Qp10DepartmentNaissance' , 4, 0,-1,-1, 0, 'QP7.1', 'QP10.2');
INSERT INTO [Tbl_Questions] ([CodeQuestion], [NomObjet],[Libelle], [DetailsQuestion], [CodeCategorie],[NomChamps] , [TypeQuestion], [ContrainteQuestion],ValeurMaxParChiffre,NbreCaratereMaximal, [EstSautReponse], [QPrecedent], [QSuivant]  ) VALUES ('QP10.2','Individu', 'P10-B.KOMIN', '','6', 'Qp10CommuneNaissance' , 5, 0,-1,-1, 0, 'QP10.1', 'QP10.3');
INSERT INTO [Tbl_Questions] ([CodeQuestion], [NomObjet],[Libelle], [DetailsQuestion], [CodeCategorie],[NomChamps] , [TypeQuestion], [ContrainteQuestion],ValeurMaxParChiffre,NbreCaratereMaximal, [EstSautReponse], [QPrecedent], [QSuivant]  ) VALUES ('QP10.3','Individu', 'P10-C. SEKSYON KOMINAL', '','6', 'Qp10LieuNaissanceVqse' , 6, 0,-1,-1, 0, 'QP10.2', 'QP11');
INSERT INTO [Tbl_Questions] ([CodeQuestion], [NomObjet],[Libelle], [DetailsQuestion], [CodeCategorie],[NomChamps] , [TypeQuestion], [ContrainteQuestion],ValeurMaxParChiffre,NbreCaratereMaximal, [EstSautReponse], [QPrecedent], [QSuivant]  ) VALUES ('QP10.4','Individu', 'P10-D. KI PEYI :', '','6', 'Qp10PaysNaissance' , 7, 0,-1,-1, 0, 'QP10.3', 'QP11');
INSERT INTO [Tbl_Questions] ([CodeQuestion], [NomObjet],[Libelle], [DetailsQuestion], [CodeCategorie],[NomChamps] , [TypeQuestion], [ContrainteQuestion],ValeurMaxParChiffre,NbreCaratereMaximal, [EstSautReponse], [QPrecedent], [QSuivant]  ) VALUES ('QP11','Individu', 'P11-DEPI KONBYEN TAN {0} AP VIV ISIT LA?', '','6', 'Qp11PeriodeResidence' , 1, 0,-1,-1, 0, 'QP11', 'QE2');
INSERT INTO [Tbl_Questions] ([CodeQuestion], [NomObjet],[Libelle], [DetailsQuestion], [CodeCategorie],[NomChamps] , [TypeQuestion], [ContrainteQuestion],ValeurMaxParChiffre,NbreCaratereMaximal, [EstSautReponse], [QPrecedent], [QSuivant]  ) VALUES ('QE2','Individu', 'E2-PANDAN DÈNYE LANE LEKOL LA (2016-2017), ESKE {0} TE  ALE LEKÒL / INIVÈSITE ?', '','7', 'Qe2FreqentationScolaireOuUniv' , 1, 0,-1,-1, 0, 'QP11', 'QE4A');
INSERT INTO [Tbl_Questions] ([CodeQuestion], [NomObjet],[Libelle], [DetailsQuestion], [CodeCategorie],[NomChamps] , [TypeQuestion], [ContrainteQuestion],ValeurMaxParChiffre,NbreCaratereMaximal, [EstSautReponse], [QPrecedent], [QSuivant]  ) VALUES ('QE4A','Individu', 'E4A-KI PI WO NIVO {0} TE RIVE NAN LEKOL / INIVESITE?', '','7', 'Qe4aNiveauEtude' , 1, 0,-1,-1, 1, 'QE2', 'QE4B');
INSERT INTO [Tbl_Questions] ([CodeQuestion], [NomObjet],[Libelle], [DetailsQuestion], [CodeCategorie],[NomChamps] , [TypeQuestion], [ContrainteQuestion],ValeurMaxParChiffre,NbreCaratereMaximal, [EstSautReponse], [QPrecedent], [QSuivant]  ) VALUES ('QE4B','Individu', 'E4.B KI DÈNYE KLAS OSWA KI DÈNYE LANE {0} TE PASE (REYISI) NAN NIVO SA A?', '','7', 'Qe4bDerniereClasseOUAneEtude' , 1, 0,-1,-1, 0, 'QE4A', 'SM1');
INSERT INTO [Tbl_Questions] ([CodeQuestion], [NomObjet],[Libelle], [DetailsQuestion], [CodeCategorie],[NomChamps] , [TypeQuestion], [ContrainteQuestion],ValeurMaxParChiffre,NbreCaratereMaximal, [EstSautReponse], [QPrecedent], [QSuivant]  ) VALUES ('SM1','Individu', 'SM1-ESKE {0} KOUNYE A {0} ?', '','12', 'Qsm1StatutMatrimonial' , 1, 0,-1,-1, 0, 'QE4B', 'QA1');
INSERT INTO [Tbl_Questions] ([CodeQuestion], [NomObjet],[Libelle], [DetailsQuestion], [CodeCategorie],[NomChamps] , [TypeQuestion], [ContrainteQuestion],ValeurMaxParChiffre,NbreCaratereMaximal, [EstSautReponse], [QPrecedent], [QSuivant]  ) VALUES ('QA1','Individu', 'A1-ESKE {0} TE TRAVAY MENM PANDAN YON ÈD TAN DÈNYE SEMÈN KI SOT PASE LA A, POU KÒB, POU LOT BAGAY OU BYEN POU ANYEN ?', '','8', 'Qa1ActEconomiqueDerniereSemaine' , 1, 0,-1,-1, 1, 'SM1', 'QA2.1');
INSERT INTO [Tbl_Questions] ([CodeQuestion], [NomObjet],[Libelle], [DetailsQuestion], [CodeCategorie],[NomChamps] , [TypeQuestion], [ContrainteQuestion],ValeurMaxParChiffre,NbreCaratereMaximal, [EstSautReponse], [QPrecedent], [QSuivant]  ) VALUES ('QA2.1','Individu', 'A2.1-Gen yon demele/degaje nan zafè pwodiksyon agwoalimantè (fè dous, kasav, konfiti, papita, konparèt), oswa nan atizana (fè soulye, bale, …), oswa bay sèvis (penyen ak koupe cheve, retoran, lave machin) oswa komès, lakay li oswa nan lari ', '','9', 'Qa2ActAvoirDemele1' , 1, 0,-1,-1, 1, 'QA1', 'QA2.2');
INSERT INTO [Tbl_Questions] ([CodeQuestion], [NomObjet],[Libelle], [DetailsQuestion], [CodeCategorie],[NomChamps] , [TypeQuestion], [ContrainteQuestion],ValeurMaxParChiffre,NbreCaratereMaximal, [EstSautReponse], [QPrecedent], [QSuivant]  ) VALUES ('QA2.2','Individu', 'A2.2. Travay ka moun (lave, pase rad, koud, ...) oswa okipe timoun oswa gran moun oswa moun andikape  pou kòb', '','9', 'Qa2ActDomestique2' , 1, 0,-1,-1, 1, 'QA2.1', 'QA2.3');
INSERT INTO [Tbl_Questions] ([CodeQuestion], [NomObjet],[Libelle], [DetailsQuestion], [CodeCategorie],[NomChamps] , [TypeQuestion], [ContrainteQuestion],ValeurMaxParChiffre,NbreCaratereMaximal, [EstSautReponse], [QPrecedent], [QSuivant]  ) VALUES ('QA2.3','Individu', 'A2.3. Travay tè (sakle, plante, rekòlte), fè konbit, vann jounen travay nan eskwad, okipe bèt/fè gadinaj', '','9', 'Qa2ActCultivateur3' , 1, 0,-1,-1, 1, 'QA2.2', 'QA2.4');
INSERT INTO [Tbl_Questions] ([CodeQuestion], [NomObjet],[Libelle], [DetailsQuestion], [CodeCategorie],[NomChamps] , [TypeQuestion], [ContrainteQuestion],ValeurMaxParChiffre,NbreCaratereMaximal, [EstSautReponse], [QPrecedent], [QSuivant]  ) VALUES ('QA2.4','Individu', 'A2.4. Ede / bay koudmen nan biznis/demele youn moun ki nan kay la oswa pou yon fanmi (aktivite travay tè, fè manje pou konbit, …) ', '','9', 'Qa2ActAiderParent4' , 1, 0,-1,-1, 1, 'QA2.3', 'QA2.5');
INSERT INTO [Tbl_Questions] ([CodeQuestion], [NomObjet],[Libelle], [DetailsQuestion], [CodeCategorie],[NomChamps] , [TypeQuestion], [ContrainteQuestion],ValeurMaxParChiffre,NbreCaratereMaximal, [EstSautReponse], [QPrecedent], [QSuivant]  ) VALUES ('QA2.5','Individu', 'A2.5. Nenpòt ki lòt aktivite pou fè lajan (Food for work/Cash for work, bèf chenn, chany, lave machin, bwote machandiz, koud pèpè, degajèz, brase…, raketè (vann sèvis pou ede moun nan fè demach nan biwo leta…)', '','9', 'Qa2ActAutre5' , 1, 0,-1,-1, 1, 'QA2.4', 'QA8');
INSERT INTO [Tbl_Questions] ([CodeQuestion], [NomObjet],[Libelle], [DetailsQuestion], [CodeCategorie],[NomChamps] , [TypeQuestion], [ContrainteQuestion],ValeurMaxParChiffre,NbreCaratereMaximal, [EstSautReponse], [QPrecedent], [QSuivant]  ) VALUES ('QA8','Individu', 'A8-KÒM {0} PA TAP TRAVAY, ESKE DÈNYE SEMÈN KI SOT PASE LA A LI TE DEMACH POU LI JWENN TRAVAY OU BYEN FÈ YON ANTREPRIZ OU BYEN YON DEMELE?', '','9', 'Qa8EntreprendreDemarcheTravail' , 1, 0,-1,-1, 1, 'QA2.5', 'QF1A');
INSERT INTO [Tbl_Questions] ([CodeQuestion], [NomObjet],[Libelle], [DetailsQuestion], [CodeCategorie],[NomChamps] , [TypeQuestion], [ContrainteQuestion],ValeurMaxParChiffre,NbreCaratereMaximal, [EstSautReponse], [QPrecedent], [QSuivant]  ) VALUES ('QF1A','Individu', 'F1A. KONBYEN PITIT GASON ANTOU {0} FÈ TOU VIVAN ? ', '','10', 'Qf1aNbreEnfantNeVivantM' , 2, 1,-1,-1, 0, 'QA8', 'QF1B');
INSERT INTO [Tbl_Questions] ([CodeQuestion], [NomObjet],[Libelle], [DetailsQuestion], [CodeCategorie],[NomChamps] , [TypeQuestion], [ContrainteQuestion],ValeurMaxParChiffre,NbreCaratereMaximal, [EstSautReponse], [QPrecedent], [QSuivant]  ) VALUES ('QF1B','Individu', 'F1B. KONBYEN PITIT FI ANTOU {0} FÈ TOU VIVAN ? ', '','10', 'Qf2bNbreEnfantNeVivantF' , 2, 1,-1,-1, 0, 'QF1A', 'QF2A');
INSERT INTO [Tbl_Questions] ([CodeQuestion], [NomObjet],[Libelle], [DetailsQuestion], [CodeCategorie],[NomChamps] , [TypeQuestion], [ContrainteQuestion],ValeurMaxParChiffre,NbreCaratereMaximal, [EstSautReponse], [QPrecedent], [QSuivant]  ) VALUES ('QF2A','Individu', 'F2A. KONBYEN NAN PITIT GASON SA YO KI VIVAN TOUJOU ', '','10', 'Qf2aNbreEnfantVivantM' , 2, 1,-1,-1, 0, 'QF1B', 'QF2B');
INSERT INTO [Tbl_Questions] ([CodeQuestion], [NomObjet],[Libelle], [DetailsQuestion], [CodeCategorie],[NomChamps] , [TypeQuestion], [ContrainteQuestion],ValeurMaxParChiffre,NbreCaratereMaximal, [EstSautReponse], [QPrecedent], [QSuivant]  ) VALUES ('QF2B','Individu', 'F2B. KONBYEN NAN PITIT FI SA YO KI VIVAN TOUJOU ', '','10', 'Qf2bNbreEnfantVivantF' , 2, 1,-1,-1, 0, 'QF2A', 'QF3');
INSERT INTO [Tbl_Questions] ([CodeQuestion], [NomObjet],[Libelle], [DetailsQuestion], [CodeCategorie],[NomChamps] , [TypeQuestion], [ContrainteQuestion],ValeurMaxParChiffre,NbreCaratereMaximal, [EstSautReponse], [QPrecedent], [QSuivant]  ) VALUES ('QF3','Individu', 'NAN KI JOU, KI MWA AK NAN KI LANE DENYE TIMOUN {0} FÈ TOU VIVAN AN FÈT? BAY JOU A ANVAN', '','10', 'Qf3DernierEnfantJour' , 2, 1,-1,-1, 0, 'QF2B', 'QF3.1');
INSERT INTO [Tbl_Questions] ([CodeQuestion], [NomObjet],[Libelle], [DetailsQuestion], [CodeCategorie],[NomChamps] , [TypeQuestion], [ContrainteQuestion],ValeurMaxParChiffre,NbreCaratereMaximal, [EstSautReponse], [QPrecedent], [QSuivant]  ) VALUES ('QF3.1','Individu', 'F3.- KI MWA?', '','10', 'Qf3DernierEnfantMois' , 2, 1,-1,-1, 0, 'QF3', 'QF3.2');
INSERT INTO [Tbl_Questions] ([CodeQuestion], [NomObjet],[Libelle], [DetailsQuestion], [CodeCategorie],[NomChamps] , [TypeQuestion], [ContrainteQuestion],ValeurMaxParChiffre,NbreCaratereMaximal, [EstSautReponse], [QPrecedent], [QSuivant]  ) VALUES ('QF3.2','Individu', 'F3.-KI ANE?', '','10', 'Qf3DernierEnfantAnnee' , 2, 1,-1,-1, 0, 'QF3.1', 'QF4');
INSERT INTO [Tbl_Questions] ([CodeQuestion], [NomObjet],[Libelle], [DetailsQuestion], [CodeCategorie],[NomChamps] , [TypeQuestion], [ContrainteQuestion],ValeurMaxParChiffre,NbreCaratereMaximal, [EstSautReponse], [QPrecedent], [QSuivant]  ) VALUES ('QF4','Individu', 'F4. ÈSKE DENYE PITIT SA A AP VIV TOUJOU ?  ', '','9', 'Qf4DENeVivantVit' , 1, 1,-1,-1, 0, 'QF3.2', 'FIN');						
INSERT INTO Tbl_Questions_Reponses ([CodeQuestion], CodeUniqueReponse,[EstEnfant],AvoirEnfant , CodeParent, [QPrecedent], [QSuivant]) VALUES ('QP3', 'QP3-1',0,0 , '', '', '');
INSERT INTO Tbl_Questions_Reponses ([CodeQuestion], CodeUniqueReponse,[EstEnfant],AvoirEnfant , CodeParent, [QPrecedent], [QSuivant]) VALUES ('QP3', 'QP3-2',0,0 , '', '', '');
INSERT INTO Tbl_Questions_Reponses ([CodeQuestion], CodeUniqueReponse,[EstEnfant],AvoirEnfant , CodeParent, [QPrecedent], [QSuivant]) VALUES ('QP3', 'QP3-3',0,0 , '', '', '');
INSERT INTO Tbl_Questions_Reponses ([CodeQuestion], CodeUniqueReponse,[EstEnfant],AvoirEnfant , CodeParent, [QPrecedent], [QSuivant]) VALUES ('QP3', 'QP3-4',0,0 , '', '', '');
INSERT INTO Tbl_Questions_Reponses ([CodeQuestion], CodeUniqueReponse,[EstEnfant],AvoirEnfant , CodeParent, [QPrecedent], [QSuivant]) VALUES ('QP3', 'QP3-5',0,0 , '', '', '');
INSERT INTO Tbl_Questions_Reponses ([CodeQuestion], CodeUniqueReponse,[EstEnfant],AvoirEnfant , CodeParent, [QPrecedent], [QSuivant]) VALUES ('QP3', 'QP3-6',0,0 , '', '', '');
INSERT INTO Tbl_Questions_Reponses ([CodeQuestion], CodeUniqueReponse,[EstEnfant],AvoirEnfant , CodeParent, [QPrecedent], [QSuivant]) VALUES ('QP3', 'QP3-7',0,0 , '', '', '');
INSERT INTO Tbl_Questions_Reponses ([CodeQuestion], CodeUniqueReponse,[EstEnfant],AvoirEnfant , CodeParent, [QPrecedent], [QSuivant]) VALUES ('QP3', 'QP3-8',0,0 , '', '', '');
INSERT INTO Tbl_Questions_Reponses ([CodeQuestion], CodeUniqueReponse,[EstEnfant],AvoirEnfant , CodeParent, [QPrecedent], [QSuivant]) VALUES ('QP3', 'QP3-9',0,0 , '', '', '');
INSERT INTO Tbl_Questions_Reponses ([CodeQuestion], CodeUniqueReponse,[EstEnfant],AvoirEnfant , CodeParent, [QPrecedent], [QSuivant]) VALUES ('QP3', 'QP3-10',0,0 , '', '', '');
INSERT INTO Tbl_Questions_Reponses ([CodeQuestion], CodeUniqueReponse,[EstEnfant],AvoirEnfant , CodeParent, [QPrecedent], [QSuivant]) VALUES ('QP3', 'QP3-11',0,0 , '', '', '');
INSERT INTO Tbl_Questions_Reponses ([CodeQuestion], CodeUniqueReponse,[EstEnfant],AvoirEnfant , CodeParent, [QPrecedent], [QSuivant]) VALUES ('QP3', 'QP3-12',0,0 , '', '', '');
INSERT INTO Tbl_Questions_Reponses ([CodeQuestion], CodeUniqueReponse,[EstEnfant],AvoirEnfant , CodeParent, [QPrecedent], [QSuivant]) VALUES ('QP3', 'QP3-13',0,0 , '', '', '');
INSERT INTO Tbl_Questions_Reponses ([CodeQuestion], CodeUniqueReponse,[EstEnfant],AvoirEnfant , CodeParent, [QPrecedent], [QSuivant]) VALUES ('QP3', 'QP3-14',0,0 , '', '', '');

INSERT INTO Tbl_Questions_Reponses ([CodeQuestion], CodeUniqueReponse,[EstEnfant],AvoirEnfant , CodeParent, [QPrecedent], [QSuivant]) VALUES ('QP3a', 'QP3a-1',0,0 , '', '', '');
INSERT INTO Tbl_Questions_Reponses ([CodeQuestion], CodeUniqueReponse,[EstEnfant],AvoirEnfant , CodeParent, [QPrecedent], [QSuivant]) VALUES ('QP3a', 'QP3a-2',0,0 , '', '', '');
INSERT INTO Tbl_Questions_Reponses ([CodeQuestion], CodeUniqueReponse,[EstEnfant],AvoirEnfant , CodeParent, [QPrecedent], [QSuivant]) VALUES ('QP3a', 'QP3a-3',0,0 , '', '', '');
INSERT INTO Tbl_Questions_Reponses ([CodeQuestion], CodeUniqueReponse,[EstEnfant],AvoirEnfant , CodeParent, [QPrecedent], [QSuivant]) VALUES ('QP3a', 'QP3a-4',0,0 , '', '', '');
INSERT INTO Tbl_Questions_Reponses ([CodeQuestion], CodeUniqueReponse,[EstEnfant],AvoirEnfant , CodeParent, [QPrecedent], [QSuivant]) VALUES ('QP3a', 'QP3a-5',0,0 , '', '', '');
INSERT INTO Tbl_Questions_Reponses ([CodeQuestion], CodeUniqueReponse,[EstEnfant],AvoirEnfant , CodeParent, [QPrecedent], [QSuivant]) VALUES ('QP3a', 'QP3a-6',0,0 , '', '', '');
INSERT INTO Tbl_Questions_Reponses ([CodeQuestion], CodeUniqueReponse,[EstEnfant],AvoirEnfant , CodeParent, [QPrecedent], [QSuivant]) VALUES ('QP3a', 'QP3a-7',0,0 , '', '', '');
INSERT INTO Tbl_Questions_Reponses ([CodeQuestion], CodeUniqueReponse,[EstEnfant],AvoirEnfant , CodeParent, [QPrecedent], [QSuivant]) VALUES ('QP3a', 'QP3a-8',0,0 , '', '', '');
INSERT INTO Tbl_Questions_Reponses ([CodeQuestion], CodeUniqueReponse,[EstEnfant],AvoirEnfant , CodeParent, [QPrecedent], [QSuivant]) VALUES ('QP3a', 'QP3a-9',0,0 , '', '', '');
INSERT INTO Tbl_Questions_Reponses ([CodeQuestion], CodeUniqueReponse,[EstEnfant],AvoirEnfant , CodeParent, [QPrecedent], [QSuivant]) VALUES ('QP3a', 'QP3a-10',0,0 , '', '', '');

INSERT INTO Tbl_Questions_Reponses ([CodeQuestion], CodeUniqueReponse,[EstEnfant],AvoirEnfant , CodeParent, [QPrecedent], [QSuivant]) VALUES ('QP4', 'QP4-1',0,0 , '', '', '');
INSERT INTO Tbl_Questions_Reponses ([CodeQuestion], CodeUniqueReponse,[EstEnfant],AvoirEnfant , CodeParent, [QPrecedent], [QSuivant]) VALUES ('QP4', 'QP4-2',0,0 , '', '', '');

INSERT INTO Tbl_Questions_Reponses ([CodeQuestion], CodeUniqueReponse,[EstEnfant],AvoirEnfant , CodeParent, [QPrecedent], [QSuivant]) VALUES ('QP7', 'QP7-1',0,0 , '', '', 'QP10');
INSERT INTO Tbl_Questions_Reponses ([CodeQuestion], CodeUniqueReponse,[EstEnfant],AvoirEnfant , CodeParent, [QPrecedent], [QSuivant]) VALUES ('QP7', 'QP7-2',0,0 , '', '', 'QP7.1');
INSERT INTO Tbl_Questions_Reponses ([CodeQuestion], CodeUniqueReponse,[EstEnfant],AvoirEnfant , CodeParent, [QPrecedent], [QSuivant]) VALUES ('QP7', 'QP7-3',0,0 , '', '', 'QP7.1');
INSERT INTO Tbl_Questions_Reponses ([CodeQuestion], CodeUniqueReponse,[EstEnfant],AvoirEnfant , CodeParent, [QPrecedent], [QSuivant]) VALUES ('QP7', 'QP7-4',0,0 , '', '', 'QP10');

INSERT INTO Tbl_Questions_Reponses ([CodeQuestion], CodeUniqueReponse,[EstEnfant],AvoirEnfant , CodeParent, [QPrecedent], [QSuivant]) VALUES ('QP10', 'QP10-1',0,0 , '', '', 'QP11');
INSERT INTO Tbl_Questions_Reponses ([CodeQuestion], CodeUniqueReponse,[EstEnfant],AvoirEnfant , CodeParent, [QPrecedent], [QSuivant]) VALUES ('QP10', 'QP10-2',0,0 , '', '', 'QP10.1');
INSERT INTO Tbl_Questions_Reponses ([CodeQuestion], CodeUniqueReponse,[EstEnfant],AvoirEnfant , CodeParent, [QPrecedent], [QSuivant]) VALUES ('QP10', 'QP10-3',0,0 , '', '', 'QP10.4');
INSERT INTO Tbl_Questions_Reponses ([CodeQuestion], CodeUniqueReponse,[EstEnfant],AvoirEnfant , CodeParent, [QPrecedent], [QSuivant]) VALUES ('QP10', 'QP10-4',0,0 , '', '', 'QP11');

INSERT INTO Tbl_Questions_Reponses ([CodeQuestion], CodeUniqueReponse,[EstEnfant],AvoirEnfant , CodeParent, [QPrecedent], [QSuivant]) VALUES ('QP11', 'QP11-1',0,0 , '', '', '');
INSERT INTO Tbl_Questions_Reponses ([CodeQuestion], CodeUniqueReponse,[EstEnfant],AvoirEnfant , CodeParent, [QPrecedent], [QSuivant]) VALUES ('QP11', 'QP11-2',0,0 , '', '', '');
INSERT INTO Tbl_Questions_Reponses ([CodeQuestion], CodeUniqueReponse,[EstEnfant],AvoirEnfant , CodeParent, [QPrecedent], [QSuivant]) VALUES ('QP11', 'QP11-3',0,0 , '', '', '');
INSERT INTO Tbl_Questions_Reponses ([CodeQuestion], CodeUniqueReponse,[EstEnfant],AvoirEnfant , CodeParent, [QPrecedent], [QSuivant]) VALUES ('QP11', 'QP11-4',0,0 , '', '', '');
INSERT INTO Tbl_Questions_Reponses ([CodeQuestion], CodeUniqueReponse,[EstEnfant],AvoirEnfant , CodeParent, [QPrecedent], [QSuivant]) VALUES ('QP11', 'QP11-5',0,0 , '', '', '');
INSERT INTO Tbl_Questions_Reponses ([CodeQuestion], CodeUniqueReponse,[EstEnfant],AvoirEnfant , CodeParent, [QPrecedent], [QSuivant]) VALUES ('QP11', 'QP11-6',0,0 , '', '', '');

INSERT INTO Tbl_Questions_Reponses ([CodeQuestion], CodeUniqueReponse,[EstEnfant],AvoirEnfant , CodeParent, [QPrecedent], [QSuivant]) VALUES ('QE2', 'QE2-1',0,0 , '', '', '');
INSERT INTO Tbl_Questions_Reponses ([CodeQuestion], CodeUniqueReponse,[EstEnfant],AvoirEnfant , CodeParent, [QPrecedent], [QSuivant]) VALUES ('QE2', 'QE2-2',0,0 , '', '', '');
INSERT INTO Tbl_Questions_Reponses ([CodeQuestion], CodeUniqueReponse,[EstEnfant],AvoirEnfant , CodeParent, [QPrecedent], [QSuivant]) VALUES ('QE2', 'QE2-3',0,0 , '', '', '');
INSERT INTO Tbl_Questions_Reponses ([CodeQuestion], CodeUniqueReponse,[EstEnfant],AvoirEnfant , CodeParent, [QPrecedent], [QSuivant]) VALUES ('QE2', 'QE2-4',0,0 , '', '', '');
INSERT INTO Tbl_Questions_Reponses ([CodeQuestion], CodeUniqueReponse,[EstEnfant],AvoirEnfant , CodeParent, [QPrecedent], [QSuivant]) VALUES ('QE2', 'QE2-5',0,0 , '', '', '');
INSERT INTO Tbl_Questions_Reponses ([CodeQuestion], CodeUniqueReponse,[EstEnfant],AvoirEnfant , CodeParent, [QPrecedent], [QSuivant]) VALUES ('QE2', 'QE2-6',0,0 , '', '', '');
INSERT INTO Tbl_Questions_Reponses ([CodeQuestion], CodeUniqueReponse,[EstEnfant],AvoirEnfant , CodeParent, [QPrecedent], [QSuivant]) VALUES ('QE2', 'QE2-7',0,0 , '', '', '');
INSERT INTO Tbl_Questions_Reponses ([CodeQuestion], CodeUniqueReponse,[EstEnfant],AvoirEnfant , CodeParent, [QPrecedent], [QSuivant]) VALUES ('QE2', 'QE2-8',0,0 , '', '', '');
INSERT INTO Tbl_Questions_Reponses ([CodeQuestion], CodeUniqueReponse,[EstEnfant],AvoirEnfant , CodeParent, [QPrecedent], [QSuivant]) VALUES ('QE2', 'QE2-9',0,0 , '', '', '');

INSERT INTO Tbl_Questions_Reponses ([CodeQuestion], CodeUniqueReponse,[EstEnfant],AvoirEnfant , CodeParent, [QPrecedent], [QSuivant]) VALUES ('QE4A', 'QE4A-1',0,0 , '', '', 'SM1');
INSERT INTO Tbl_Questions_Reponses ([CodeQuestion], CodeUniqueReponse,[EstEnfant],AvoirEnfant , CodeParent, [QPrecedent], [QSuivant]) VALUES ('QE4A', 'QE4A-2',0,0 , '', '', 'SM1');
INSERT INTO Tbl_Questions_Reponses ([CodeQuestion], CodeUniqueReponse,[EstEnfant],AvoirEnfant , CodeParent, [QPrecedent], [QSuivant]) VALUES ('QE4A', 'QE4A-3',0,0 , '', '', 'QE4B');
INSERT INTO Tbl_Questions_Reponses ([CodeQuestion], CodeUniqueReponse,[EstEnfant],AvoirEnfant , CodeParent, [QPrecedent], [QSuivant]) VALUES ('QE4A', 'QE4A-4',0,0 , '', '', 'QE4B');
INSERT INTO Tbl_Questions_Reponses ([CodeQuestion], CodeUniqueReponse,[EstEnfant],AvoirEnfant , CodeParent, [QPrecedent], [QSuivant]) VALUES ('QE4A', 'QE4A-5',0,0 , '', '', 'QE4B');
INSERT INTO Tbl_Questions_Reponses ([CodeQuestion], CodeUniqueReponse,[EstEnfant],AvoirEnfant , CodeParent, [QPrecedent], [QSuivant]) VALUES ('QE4A', 'QE4A-6',0,0 , '', '', 'QE4B');
INSERT INTO Tbl_Questions_Reponses ([CodeQuestion], CodeUniqueReponse,[EstEnfant],AvoirEnfant , CodeParent, [QPrecedent], [QSuivant]) VALUES ('QE4A', 'QE4A-7',0,0 , '', '', 'QE4B');
INSERT INTO Tbl_Questions_Reponses ([CodeQuestion], CodeUniqueReponse,[EstEnfant],AvoirEnfant , CodeParent, [QPrecedent], [QSuivant]) VALUES ('QE4A', 'QE4A-8',0,0 , '', '', 'QE4B');

INSERT INTO Tbl_Questions_Reponses ([CodeQuestion], CodeUniqueReponse,[EstEnfant],AvoirEnfant , CodeParent, [QPrecedent], [QSuivant]) VALUES ('QE4B', 'QE4B-1',1,0 , 'QE4B-00', '', '');
INSERT INTO Tbl_Questions_Reponses ([CodeQuestion], CodeUniqueReponse,[EstEnfant],AvoirEnfant , CodeParent, [QPrecedent], [QSuivant]) VALUES ('QE4B', 'QE4B-2',1,0 , 'QE4B-00', '', '');
INSERT INTO Tbl_Questions_Reponses ([CodeQuestion], CodeUniqueReponse,[EstEnfant],AvoirEnfant , CodeParent, [QPrecedent], [QSuivant]) VALUES ('QE4B', 'QE4B-3',1,0 , 'QE4B-00', '', '');
INSERT INTO Tbl_Questions_Reponses ([CodeQuestion], CodeUniqueReponse,[EstEnfant],AvoirEnfant , CodeParent, [QPrecedent], [QSuivant]) VALUES ('QE4B', 'QE4B-11',1,0 , 'QE4B-10', '', '');
INSERT INTO Tbl_Questions_Reponses ([CodeQuestion], CodeUniqueReponse,[EstEnfant],AvoirEnfant , CodeParent, [QPrecedent], [QSuivant]) VALUES ('QE4B', 'QE4B-12',1,0 , 'QE4B-10', '', '');
INSERT INTO Tbl_Questions_Reponses ([CodeQuestion], CodeUniqueReponse,[EstEnfant],AvoirEnfant , CodeParent, [QPrecedent], [QSuivant]) VALUES ('QE4B', 'QE4B-13',1,0 , 'QE4B-10', '', '');
INSERT INTO Tbl_Questions_Reponses ([CodeQuestion], CodeUniqueReponse,[EstEnfant],AvoirEnfant , CodeParent, [QPrecedent], [QSuivant]) VALUES ('QE4B', 'QE4B-14',1,0 , 'QE4B-10', '', '');
INSERT INTO Tbl_Questions_Reponses ([CodeQuestion], CodeUniqueReponse,[EstEnfant],AvoirEnfant , CodeParent, [QPrecedent], [QSuivant]) VALUES ('QE4B', 'QE4B-15',1,0 , 'QE4B-10', '', '');
INSERT INTO Tbl_Questions_Reponses ([CodeQuestion], CodeUniqueReponse,[EstEnfant],AvoirEnfant , CodeParent, [QPrecedent], [QSuivant]) VALUES ('QE4B', 'QE4B-16',1,0 , 'QE4B-20', '', '');
INSERT INTO Tbl_Questions_Reponses ([CodeQuestion], CodeUniqueReponse,[EstEnfant],AvoirEnfant , CodeParent, [QPrecedent], [QSuivant]) VALUES ('QE4B', 'QE4B-21',1,0 , 'QE4B-20', '', '');
INSERT INTO Tbl_Questions_Reponses ([CodeQuestion], CodeUniqueReponse,[EstEnfant],AvoirEnfant , CodeParent, [QPrecedent], [QSuivant]) VALUES ('QE4B', 'QE4B-22',1,0 , 'QE4B-20', '', '');
INSERT INTO Tbl_Questions_Reponses ([CodeQuestion], CodeUniqueReponse,[EstEnfant],AvoirEnfant , CodeParent, [QPrecedent], [QSuivant]) VALUES ('QE4B', 'QE4B-23',1,0 , 'QE4B-20', '', '');
INSERT INTO Tbl_Questions_Reponses ([CodeQuestion], CodeUniqueReponse,[EstEnfant],AvoirEnfant , CodeParent, [QPrecedent], [QSuivant]) VALUES ('QE4B', 'QE4B-24',1,0 , 'QE4B-20', '', '');
INSERT INTO Tbl_Questions_Reponses ([CodeQuestion], CodeUniqueReponse,[EstEnfant],AvoirEnfant , CodeParent, [QPrecedent], [QSuivant]) VALUES ('QE4B', 'QE4B-25',1,0 , 'QE4B-20', '', '');
INSERT INTO Tbl_Questions_Reponses ([CodeQuestion], CodeUniqueReponse,[EstEnfant],AvoirEnfant , CodeParent, [QPrecedent], [QSuivant]) VALUES ('QE4B', 'QE4B-26',1,0 , 'QE4B-20', '', '');
INSERT INTO Tbl_Questions_Reponses ([CodeQuestion], CodeUniqueReponse,[EstEnfant],AvoirEnfant , CodeParent, [QPrecedent], [QSuivant]) VALUES ('QE4B', 'QE4B-27',1,0 , 'QE4B-20', '', '');
INSERT INTO Tbl_Questions_Reponses ([CodeQuestion], CodeUniqueReponse,[EstEnfant],AvoirEnfant , CodeParent, [QPrecedent], [QSuivant]) VALUES ('QE4B', 'QE4B-31',1,0 , 'QE4B-30', '', '');
INSERT INTO Tbl_Questions_Reponses ([CodeQuestion], CodeUniqueReponse,[EstEnfant],AvoirEnfant , CodeParent, [QPrecedent], [QSuivant]) VALUES ('QE4B', 'QE4B-32',1,0 , 'QE4B-30', '', '');
INSERT INTO Tbl_Questions_Reponses ([CodeQuestion], CodeUniqueReponse,[EstEnfant],AvoirEnfant , CodeParent, [QPrecedent], [QSuivant]) VALUES ('QE4B', 'QE4B-33',1,0 , 'QE4B-30', '', '');
INSERT INTO Tbl_Questions_Reponses ([CodeQuestion], CodeUniqueReponse,[EstEnfant],AvoirEnfant , CodeParent, [QPrecedent], [QSuivant]) VALUES ('QE4B', 'QE4B-34',1,0 , 'QE4B-30', '', '');
INSERT INTO Tbl_Questions_Reponses ([CodeQuestion], CodeUniqueReponse,[EstEnfant],AvoirEnfant , CodeParent, [QPrecedent], [QSuivant]) VALUES ('QE4B', 'QE4B-35',1,0 , 'QE4B-30', '', '');
INSERT INTO Tbl_Questions_Reponses ([CodeQuestion], CodeUniqueReponse,[EstEnfant],AvoirEnfant , CodeParent, [QPrecedent], [QSuivant]) VALUES ('QE4B', 'QE4B-36',1,0 , 'QE4B-30', '', '');
INSERT INTO Tbl_Questions_Reponses ([CodeQuestion], CodeUniqueReponse,[EstEnfant],AvoirEnfant , CodeParent, [QPrecedent], [QSuivant]) VALUES ('QE4B', 'QE4B-37',1,0 , 'QE4B-30', '', '');
INSERT INTO Tbl_Questions_Reponses ([CodeQuestion], CodeUniqueReponse,[EstEnfant],AvoirEnfant , CodeParent, [QPrecedent], [QSuivant]) VALUES ('QE4B', 'QE4B-41',1,0 , 'QE4B-40', '', '');
INSERT INTO Tbl_Questions_Reponses ([CodeQuestion], CodeUniqueReponse,[EstEnfant],AvoirEnfant , CodeParent, [QPrecedent], [QSuivant]) VALUES ('QE4B', 'QE4B-42',1,0 , 'QE4B-40', '', '');
INSERT INTO Tbl_Questions_Reponses ([CodeQuestion], CodeUniqueReponse,[EstEnfant],AvoirEnfant , CodeParent, [QPrecedent], [QSuivant]) VALUES ('QE4B', 'QE4B-43',1,0 , 'QE4B-40', '', '');
INSERT INTO Tbl_Questions_Reponses ([CodeQuestion], CodeUniqueReponse,[EstEnfant],AvoirEnfant , CodeParent, [QPrecedent], [QSuivant]) VALUES ('QE4B', 'QE4B-51',1,0 , 'QE4B-50', '', '');
INSERT INTO Tbl_Questions_Reponses ([CodeQuestion], CodeUniqueReponse,[EstEnfant],AvoirEnfant , CodeParent, [QPrecedent], [QSuivant]) VALUES ('QE4B', 'QE4B-52',1,0 , 'QE4B-50', '', '');
INSERT INTO Tbl_Questions_Reponses ([CodeQuestion], CodeUniqueReponse,[EstEnfant],AvoirEnfant , CodeParent, [QPrecedent], [QSuivant]) VALUES ('QE4B', 'QE4B-53',1,0 , 'QE4B-50', '', '');
INSERT INTO Tbl_Questions_Reponses ([CodeQuestion], CodeUniqueReponse,[EstEnfant],AvoirEnfant , CodeParent, [QPrecedent], [QSuivant]) VALUES ('QE4B', 'QE4B-54',1,0 , 'QE4B-50', '', '');
INSERT INTO Tbl_Questions_Reponses ([CodeQuestion], CodeUniqueReponse,[EstEnfant],AvoirEnfant , CodeParent, [QPrecedent], [QSuivant]) VALUES ('QE4B', 'QE4B-30',0,1 , '', '', '');
INSERT INTO Tbl_Questions_Reponses ([CodeQuestion], CodeUniqueReponse,[EstEnfant],AvoirEnfant , CodeParent, [QPrecedent], [QSuivant]) VALUES ('QE4B', 'QE4B-40',0,1 , '', '', '');
INSERT INTO Tbl_Questions_Reponses ([CodeQuestion], CodeUniqueReponse,[EstEnfant],AvoirEnfant , CodeParent, [QPrecedent], [QSuivant]) VALUES ('QE4B', 'QE4B-50',0,1 , '', '', '');
INSERT INTO Tbl_Questions_Reponses ([CodeQuestion], CodeUniqueReponse,[EstEnfant],AvoirEnfant , CodeParent, [QPrecedent], [QSuivant]) VALUES ('QE4B', 'QE4B-00',0,1 , '', '', '');
INSERT INTO Tbl_Questions_Reponses ([CodeQuestion], CodeUniqueReponse,[EstEnfant],AvoirEnfant , CodeParent, [QPrecedent], [QSuivant]) VALUES ('QE4B', 'QE4B-10',0,1 , '', '', '');
INSERT INTO Tbl_Questions_Reponses ([CodeQuestion], CodeUniqueReponse,[EstEnfant],AvoirEnfant , CodeParent, [QPrecedent], [QSuivant]) VALUES ('QE4B', 'QE4B-20',0,1 , '', '', '');

INSERT INTO Tbl_Questions_Reponses ([CodeQuestion], CodeUniqueReponse,[EstEnfant],AvoirEnfant , CodeParent, [QPrecedent], [QSuivant]) VALUES ('SM1', 'SM1-1',0,0 , '', '', '');
INSERT INTO Tbl_Questions_Reponses ([CodeQuestion], CodeUniqueReponse,[EstEnfant],AvoirEnfant , CodeParent, [QPrecedent], [QSuivant]) VALUES ('SM1', 'SM1-2',0,0 , '', '', '');
INSERT INTO Tbl_Questions_Reponses ([CodeQuestion], CodeUniqueReponse,[EstEnfant],AvoirEnfant , CodeParent, [QPrecedent], [QSuivant]) VALUES ('SM1', 'SM1-3',0,0 , '', '', '');
INSERT INTO Tbl_Questions_Reponses ([CodeQuestion], CodeUniqueReponse,[EstEnfant],AvoirEnfant , CodeParent, [QPrecedent], [QSuivant]) VALUES ('SM1', 'SM1-4',0,0 , '', '', '');
INSERT INTO Tbl_Questions_Reponses ([CodeQuestion], CodeUniqueReponse,[EstEnfant],AvoirEnfant , CodeParent, [QPrecedent], [QSuivant]) VALUES ('SM1', 'SM1-5',0,0 , '', '', '');
INSERT INTO Tbl_Questions_Reponses ([CodeQuestion], CodeUniqueReponse,[EstEnfant],AvoirEnfant , CodeParent, [QPrecedent], [QSuivant]) VALUES ('SM1', 'SM1-6',0,0 , '', '', '');
INSERT INTO Tbl_Questions_Reponses ([CodeQuestion], CodeUniqueReponse,[EstEnfant],AvoirEnfant , CodeParent, [QPrecedent], [QSuivant]) VALUES ('SM1', 'SM1-7',0,0 , '', '', '');
INSERT INTO Tbl_Questions_Reponses ([CodeQuestion], CodeUniqueReponse,[EstEnfant],AvoirEnfant , CodeParent, [QPrecedent], [QSuivant]) VALUES ('SM1', 'SM1-8',0,0 , '', '', '');
INSERT INTO Tbl_Questions_Reponses ([CodeQuestion], CodeUniqueReponse,[EstEnfant],AvoirEnfant , CodeParent, [QPrecedent], [QSuivant]) VALUES ('SM1', 'SM1-9',0,0 , '', '', '');

INSERT INTO Tbl_Questions_Reponses ([CodeQuestion], CodeUniqueReponse,[EstEnfant],AvoirEnfant , CodeParent, [QPrecedent], [QSuivant]) VALUES ('QA1', 'QA1-1',0,0 , '', '', 'QF1A');
INSERT INTO Tbl_Questions_Reponses ([CodeQuestion], CodeUniqueReponse,[EstEnfant],AvoirEnfant , CodeParent, [QPrecedent], [QSuivant]) VALUES ('QA1', 'QA1-2',0,0 , '', '', 'QF1A');
INSERT INTO Tbl_Questions_Reponses ([CodeQuestion], CodeUniqueReponse,[EstEnfant],AvoirEnfant , CodeParent, [QPrecedent], [QSuivant]) VALUES ('QA1', 'QA1-3',0,0 , '', '', 'QF1A');
INSERT INTO Tbl_Questions_Reponses ([CodeQuestion], CodeUniqueReponse,[EstEnfant],AvoirEnfant , CodeParent, [QPrecedent], [QSuivant]) VALUES ('QA1', 'QA1-4',0,0 , '', '', 'QA2.1');
INSERT INTO Tbl_Questions_Reponses ([CodeQuestion], CodeUniqueReponse,[EstEnfant],AvoirEnfant , CodeParent, [QPrecedent], [QSuivant]) VALUES ('QA1', 'QA1-5',0,0 , '', '', 'QA2.1');
INSERT INTO Tbl_Questions_Reponses ([CodeQuestion], CodeUniqueReponse,[EstEnfant],AvoirEnfant , CodeParent, [QPrecedent], [QSuivant]) VALUES ('QA1', 'QA1-6',0,0 , '', '', 'QA2.1');
INSERT INTO Tbl_Questions_Reponses ([CodeQuestion], CodeUniqueReponse,[EstEnfant],AvoirEnfant , CodeParent, [QPrecedent], [QSuivant]) VALUES ('QA1', 'QA1-7',0,0 , '', '', 'QA2.1');

INSERT INTO Tbl_Questions_Reponses ([CodeQuestion], CodeUniqueReponse,[EstEnfant],AvoirEnfant , CodeParent, [QPrecedent], [QSuivant]) VALUES ('QA2.1', 'QA2.1-1',0,0 , '', '', 'QF1A');
INSERT INTO Tbl_Questions_Reponses ([CodeQuestion], CodeUniqueReponse,[EstEnfant],AvoirEnfant , CodeParent, [QPrecedent], [QSuivant]) VALUES ('QA2.1', 'QA2.1-2',0,0 , '', '', 'QA2.2');

INSERT INTO Tbl_Questions_Reponses ([CodeQuestion], CodeUniqueReponse,[EstEnfant],AvoirEnfant , CodeParent, [QPrecedent], [QSuivant]) VALUES ('QA2.2', 'QA2.2-1',0,0 , '', '', 'QF1A');
INSERT INTO Tbl_Questions_Reponses ([CodeQuestion], CodeUniqueReponse,[EstEnfant],AvoirEnfant , CodeParent, [QPrecedent], [QSuivant]) VALUES ('QA2.2', 'QA2.2-2',0,0 , '', '', 'QA2.3');

INSERT INTO Tbl_Questions_Reponses ([CodeQuestion], CodeUniqueReponse,[EstEnfant],AvoirEnfant , CodeParent, [QPrecedent], [QSuivant]) VALUES ('QA2.3', 'QA2.3-1',0,0 , '', '', 'QF1A');
INSERT INTO Tbl_Questions_Reponses ([CodeQuestion], CodeUniqueReponse,[EstEnfant],AvoirEnfant , CodeParent, [QPrecedent], [QSuivant]) VALUES ('QA2.3', 'QA2.3-2',0,0 , '', '', 'QA2.4');

INSERT INTO Tbl_Questions_Reponses ([CodeQuestion], CodeUniqueReponse,[EstEnfant],AvoirEnfant , CodeParent, [QPrecedent], [QSuivant]) VALUES ('QA2.4', 'QA2.4-1',0,0 , '', '', 'QF1A');
INSERT INTO Tbl_Questions_Reponses ([CodeQuestion], CodeUniqueReponse,[EstEnfant],AvoirEnfant , CodeParent, [QPrecedent], [QSuivant]) VALUES ('QA2.4', 'QA2.4-2',0,0 , '', '', 'QA2.5');

INSERT INTO Tbl_Questions_Reponses ([CodeQuestion], CodeUniqueReponse,[EstEnfant],AvoirEnfant , CodeParent, [QPrecedent], [QSuivant]) VALUES ('QA2.5', 'QA2.5-1',0,0 , '', '', 'QF1A');
INSERT INTO Tbl_Questions_Reponses ([CodeQuestion], CodeUniqueReponse,[EstEnfant],AvoirEnfant , CodeParent, [QPrecedent], [QSuivant]) VALUES ('QA2.5', 'QA2.5-2',0,0 , '', '', 'QA8');

INSERT INTO Tbl_Questions_Reponses ([CodeQuestion], CodeUniqueReponse,[EstEnfant],AvoirEnfant , CodeParent, [QPrecedent], [QSuivant]) VALUES ('QA8', 'QA8-1',0,0 , '', '', '');
INSERT INTO Tbl_Questions_Reponses ([CodeQuestion], CodeUniqueReponse,[EstEnfant],AvoirEnfant , CodeParent, [QPrecedent], [QSuivant]) VALUES ('QA8', 'QA8-2',0,0 , '', '', '');
INSERT INTO Tbl_Questions_Reponses ([CodeQuestion], CodeUniqueReponse,[EstEnfant],AvoirEnfant , CodeParent, [QPrecedent], [QSuivant]) VALUES ('QA8', 'QA8-3',0,0 , '', '', '');
INSERT INTO Tbl_Questions_Reponses ([CodeQuestion], CodeUniqueReponse,[EstEnfant],AvoirEnfant , CodeParent, [QPrecedent], [QSuivant]) VALUES ('QA8', 'QA8-4',0,0 , '', '', '');
INSERT INTO Tbl_Questions_Reponses ([CodeQuestion], CodeUniqueReponse,[EstEnfant],AvoirEnfant , CodeParent, [QPrecedent], [QSuivant]) VALUES ('QA8', 'QA8-5',0,0 , '', '', '');
INSERT INTO Tbl_Questions_Reponses ([CodeQuestion], CodeUniqueReponse,[EstEnfant],AvoirEnfant , CodeParent, [QPrecedent], [QSuivant]) VALUES ('QA8', 'QA8-6',0,0 , '', '', '');
INSERT INTO Tbl_Questions_Reponses ([CodeQuestion], CodeUniqueReponse,[EstEnfant],AvoirEnfant , CodeParent, [QPrecedent], [QSuivant]) VALUES ('QA8', 'QA8-7',0,0 , '', '', '');
INSERT INTO Tbl_Questions_Reponses ([CodeQuestion], CodeUniqueReponse,[EstEnfant],AvoirEnfant , CodeParent, [QPrecedent], [QSuivant]) VALUES ('QA8', 'QA8-8',0,0 , '', '', '');
INSERT INTO Tbl_Questions_Reponses ([CodeQuestion], CodeUniqueReponse,[EstEnfant],AvoirEnfant , CodeParent, [QPrecedent], [QSuivant]) VALUES ('QA8', 'QA8-9',0,0 , '', '', '');

INSERT INTO Tbl_Questions_Reponses ([CodeQuestion], CodeUniqueReponse,[EstEnfant],AvoirEnfant , CodeParent, [QPrecedent], [QSuivant]) VALUES ('QF4', 'QF4-1',0,0 , '', '', 'FIN');
INSERT INTO Tbl_Questions_Reponses ([CodeQuestion], CodeUniqueReponse,[EstEnfant],AvoirEnfant , CodeParent, [QPrecedent], [QSuivant]) VALUES ('QF4', 'QF4-2',0,0 , '', '', 'FIN');


INSERT INTO Tbl_Reponses (CodeUniqueReponse,[CodeReponse] , [LibelleReponse]) VALUES ('QP3-1', '1', '01- Chèf menaj la');
INSERT INTO Tbl_Reponses (CodeUniqueReponse,[CodeReponse] , [LibelleReponse]) VALUES ('QP3-2', '2', '02- Mari / Madanm');
INSERT INTO Tbl_Reponses (CodeUniqueReponse,[CodeReponse] , [LibelleReponse]) VALUES ('QP3-3', '3', '03- Pitit gason / Piti fi');
INSERT INTO Tbl_Reponses (CodeUniqueReponse,[CodeReponse] , [LibelleReponse]) VALUES ('QP3-4', '4', '04- Frè / sè ');
INSERT INTO Tbl_Reponses (CodeUniqueReponse,[CodeReponse] , [LibelleReponse]) VALUES ('QP3-5', '5', '05- Neve / Nyès');
INSERT INTO Tbl_Reponses (CodeUniqueReponse,[CodeReponse] , [LibelleReponse]) VALUES ('QP3-6', '6', '06. Papa / Manman');
INSERT INTO Tbl_Reponses (CodeUniqueReponse,[CodeReponse] , [LibelleReponse]) VALUES ('QP3-7', '7', '07- Pitit Pitit gason / Pitit Pitit fi');
INSERT INTO Tbl_Reponses (CodeUniqueReponse,[CodeReponse] , [LibelleReponse]) VALUES ('QP3-8', '8', '08- Bòpè / Bèlmè mari a oswa madanm nan');
INSERT INTO Tbl_Reponses (CodeUniqueReponse,[CodeReponse] , [LibelleReponse]) VALUES ('QP3-9', '9', '09- Bofis / Bèlfi');
INSERT INTO Tbl_Reponses (CodeUniqueReponse,[CodeReponse] , [LibelleReponse]) VALUES ('QP3-10', '10', '10- Lòt paran');
INSERT INTO Tbl_Reponses (CodeUniqueReponse,[CodeReponse] , [LibelleReponse]) VALUES ('QP3-11', '11', '11- Moun kap travay nan kay la ki touche pou sa ');
INSERT INTO Tbl_Reponses (CodeUniqueReponse,[CodeReponse] , [LibelleReponse]) VALUES ('QP3-12', '12', '12- Moun kap travay nan kay la san touche ');
INSERT INTO Tbl_Reponses (CodeUniqueReponse,[CodeReponse] , [LibelleReponse]) VALUES ('QP3-13', '13', '13- Timoun ki rete ak nou (Restavèk)');
INSERT INTO Tbl_Reponses (CodeUniqueReponse,[CodeReponse] , [LibelleReponse]) VALUES ('QP3-14', '14', '14- Lòt moun ki pa gen oken n lyen ak chèf menaj la');

INSERT INTO Tbl_Reponses (CodeUniqueReponse,[CodeReponse] , [LibelleReponse]) VALUES ('QP3a-1', '1', '1. Se li ki menm ki mèt kay la');
INSERT INTO Tbl_Reponses (CodeUniqueReponse,[CodeReponse] , [LibelleReponse]) VALUES ('QP3a-2', '2', '2. Se li ki lwe kay la ');
INSERT INTO Tbl_Reponses (CodeUniqueReponse,[CodeReponse] , [LibelleReponse]) VALUES ('QP3a-3', '3', '3. Se li ki fè li fè plis depans nan menaj la');
INSERT INTO Tbl_Reponses (CodeUniqueReponse,[CodeReponse] , [LibelleReponse]) VALUES ('QP3a-4', '4', '4. Se li menm ki okipe/pran swen de manm menaj la ak lojman');
INSERT INTO Tbl_Reponses (CodeUniqueReponse,[CodeReponse] , [LibelleReponse]) VALUES ('QP3a-5', '5', '5. Se li menm ki gen dènye dizon nan desizyon enpòtan ki pran pou menaj ak ak manm yo');
INSERT INTO Tbl_Reponses (CodeUniqueReponse,[CodeReponse] , [LibelleReponse]) VALUES ('QP3a-6', '6', '6. Se li menm manm menaj la plis wè kòm reprezantan yo');
INSERT INTO Tbl_Reponses (CodeUniqueReponse,[CodeReponse] , [LibelleReponse]) VALUES ('QP3a-7', '7', '7. Se li menm ki gen plis laj / ki pi gran moun');
INSERT INTO Tbl_Reponses (CodeUniqueReponse,[CodeReponse] , [LibelleReponse]) VALUES ('QP3a-8', '8', '8. Se li menm ki reyisi plis ane lekòl');
INSERT INTO Tbl_Reponses (CodeUniqueReponse,[CodeReponse] , [LibelleReponse]) VALUES ('QP3a-9', '9', '9. Se gason l ye');
INSERT INTO Tbl_Reponses (CodeUniqueReponse,[CodeReponse] , [LibelleReponse]) VALUES ('QP3a-10', '10', '10. Se fi l ye');

INSERT INTO Tbl_Reponses (CodeUniqueReponse,[CodeReponse] , [LibelleReponse]) VALUES ('QP4-1', '1', '1.  Yon Gason');
INSERT INTO Tbl_Reponses (CodeUniqueReponse,[CodeReponse] , [LibelleReponse]) VALUES ('QP4-2', '2', '2.  Yon Fi');

INSERT INTO Tbl_Reponses (CodeUniqueReponse,[CodeReponse] , [LibelleReponse]) VALUES ('QP7-1', '1', '1. Ayisyen');
INSERT INTO Tbl_Reponses (CodeUniqueReponse,[CodeReponse] , [LibelleReponse]) VALUES ('QP7-2', '2', '2. Etranje');
INSERT INTO Tbl_Reponses (CodeUniqueReponse,[CodeReponse] , [LibelleReponse]) VALUES ('QP7-3', '3', '3. Ayisyen ak  Etranje');
INSERT INTO Tbl_Reponses (CodeUniqueReponse,[CodeReponse] , [LibelleReponse]) VALUES ('QP7-4', '4', '4. Pa konnen');

INSERT INTO Tbl_Reponses (CodeUniqueReponse,[CodeReponse] , [LibelleReponse]) VALUES ('QP10-1', '1', '1. Isit : nan menm vil oswa nan menm katye, oswa nan menm seksyon kominal la');
INSERT INTO Tbl_Reponses (CodeUniqueReponse,[CodeReponse] , [LibelleReponse]) VALUES ('QP10-2', '2', '2. Yon lòt kote nan peyi Dayiti ');
INSERT INTO Tbl_Reponses (CodeUniqueReponse,[CodeReponse] , [LibelleReponse]) VALUES ('QP10-3', '3', '3. Nan peyi letranje :');
INSERT INTO Tbl_Reponses (CodeUniqueReponse,[CodeReponse] , [LibelleReponse]) VALUES ('QP10-4', '4', '4. Pa konnen');

INSERT INTO Tbl_Reponses (CodeUniqueReponse,[CodeReponse] , [LibelleReponse]) VALUES ('QP11-1', '1', '1. Depi li fèt');
INSERT INTO Tbl_Reponses (CodeUniqueReponse,[CodeReponse] , [LibelleReponse]) VALUES ('QP11-2', '2', '2. Poko gen yon (1) lane');
INSERT INTO Tbl_Reponses (CodeUniqueReponse,[CodeReponse] , [LibelleReponse]) VALUES ('QP11-3', '3', '3. Soti nan youn pou rive nan kat lane');
INSERT INTO Tbl_Reponses (CodeUniqueReponse,[CodeReponse] , [LibelleReponse]) VALUES ('QP11-4', '4', '4. Soti nan Senk pou rive nan nèf lane');
INSERT INTO Tbl_Reponses (CodeUniqueReponse,[CodeReponse] , [LibelleReponse]) VALUES ('QP11-5', '5', '5. Dis lane oswa plis ');
INSERT INTO Tbl_Reponses (CodeUniqueReponse,[CodeReponse] , [LibelleReponse]) VALUES ('QP11-6', '6', '6. Pa konnen');

INSERT INTO Tbl_Reponses (CodeUniqueReponse,[CodeReponse] , [LibelleReponse]) VALUES ('QE2-1', '1', '1. Wi, preskolè');
INSERT INTO Tbl_Reponses (CodeUniqueReponse,[CodeReponse] , [LibelleReponse]) VALUES ('QE2-2', '2', '2. Wi, Primè / Fondamantal 1e sik             ');
INSERT INTO Tbl_Reponses (CodeUniqueReponse,[CodeReponse] , [LibelleReponse]) VALUES ('QE2-3', '3', '3. Wi, Primè / Fondamantal 2e sik ');
INSERT INTO Tbl_Reponses (CodeUniqueReponse,[CodeReponse] , [LibelleReponse]) VALUES ('QE2-4', '4', '4. Wi, segondè  /  Fondamantal 3e sik');
INSERT INTO Tbl_Reponses (CodeUniqueReponse,[CodeReponse] , [LibelleReponse]) VALUES ('QE2-5', '5', '5. Wi, segondè (3e – Filo)');
INSERT INTO Tbl_Reponses (CodeUniqueReponse,[CodeReponse] , [LibelleReponse]) VALUES ('QE2-6', '6', '6. Wi, Inivèsite');
INSERT INTO Tbl_Reponses (CodeUniqueReponse,[CodeReponse] , [LibelleReponse]) VALUES ('QE2-7', '7', '7. Non, sant alfabetizasyon ');
INSERT INTO Tbl_Reponses (CodeUniqueReponse,[CodeReponse] , [LibelleReponse]) VALUES ('QE2-8', '8', '8. Non, okenn ');
INSERT INTO Tbl_Reponses (CodeUniqueReponse,[CodeReponse] , [LibelleReponse]) VALUES ('QE2-9', '9', '9. Pa  konnen');

INSERT INTO Tbl_Reponses (CodeUniqueReponse,[CodeReponse] , [LibelleReponse]) VALUES ('QE4A-1', '1', '1. Okenn nivo, li pa janm ale lekol');
INSERT INTO Tbl_Reponses (CodeUniqueReponse,[CodeReponse] , [LibelleReponse]) VALUES ('QE4A-2', '2', '2. Okenn nivo, Men li te konn ale lekol ');
INSERT INTO Tbl_Reponses (CodeUniqueReponse,[CodeReponse] , [LibelleReponse]) VALUES ('QE4A-3', '3', '3. Preskolè');
INSERT INTO Tbl_Reponses (CodeUniqueReponse,[CodeReponse] , [LibelleReponse]) VALUES ('QE4A-4', '4', '4. Primè / Fondamantal 1e sik             ');
INSERT INTO Tbl_Reponses (CodeUniqueReponse,[CodeReponse] , [LibelleReponse]) VALUES ('QE4A-5', '5', ' 5. Primè / Fondamantal 2e sik');
INSERT INTO Tbl_Reponses (CodeUniqueReponse,[CodeReponse] , [LibelleReponse]) VALUES ('QE4A-6', '6', '6. Segondè  /  Fondamantal 3e sik');
INSERT INTO Tbl_Reponses (CodeUniqueReponse,[CodeReponse] , [LibelleReponse]) VALUES ('QE4A-7', '7', '7. Segondè (3e – Filo) ');
INSERT INTO Tbl_Reponses (CodeUniqueReponse,[CodeReponse] , [LibelleReponse]) VALUES ('QE4A-8', '8', '8. Inivèsite ');

INSERT INTO Tbl_Reponses (CodeUniqueReponse,[CodeReponse] , [LibelleReponse]) VALUES ('QE4B-1', '1', '01. Seksyon pi piti yo');
INSERT INTO Tbl_Reponses (CodeUniqueReponse,[CodeReponse] , [LibelleReponse]) VALUES ('QE4B-2', '2', '02. Seksyon Mwayenn yo/Klas1/Anfantin1');
INSERT INTO Tbl_Reponses (CodeUniqueReponse,[CodeReponse] , [LibelleReponse]) VALUES ('QE4B-3', '3', '03. Seksyon pi gran yo/7e Primè/Klas2/Anfantin2');
INSERT INTO Tbl_Reponses (CodeUniqueReponse,[CodeReponse] , [LibelleReponse]) VALUES ('QE4B-11', '11', '11. Preparatwa1/1re Ane/12e/6e Primè/Klas3');
INSERT INTO Tbl_Reponses (CodeUniqueReponse,[CodeReponse] , [LibelleReponse]) VALUES ('QE4B-12', '12', '12. Preparatwa 2/2e Ane/11e/5e Primè/Klas4');
INSERT INTO Tbl_Reponses (CodeUniqueReponse,[CodeReponse] , [LibelleReponse]) VALUES ('QE4B-13', '13', '13. Elemantè1/3e Ane/10e/4e Primè/Klas5');
INSERT INTO Tbl_Reponses (CodeUniqueReponse,[CodeReponse] , [LibelleReponse]) VALUES ('QE4B-14', '14', '14. Elemantè2/4e Ane/9e/3e Primè/Klas6');
INSERT INTO Tbl_Reponses (CodeUniqueReponse,[CodeReponse] , [LibelleReponse]) VALUES ('QE4B-15', '15', '15. Mwayen1/5e Ane/8e/Klas7');
INSERT INTO Tbl_Reponses (CodeUniqueReponse,[CodeReponse] , [LibelleReponse]) VALUES ('QE4B-16', '16', '16. Mwayen2/6e Ane/7e/Klas8');
INSERT INTO Tbl_Reponses (CodeUniqueReponse,[CodeReponse] , [LibelleReponse]) VALUES ('QE4B-21', '21', '21. Sizyèm/ Setyèm');
INSERT INTO Tbl_Reponses (CodeUniqueReponse,[CodeReponse] , [LibelleReponse]) VALUES ('QE4B-22', '22', '22. Senkyèm /Wityèm Ane');
INSERT INTO Tbl_Reponses (CodeUniqueReponse,[CodeReponse] , [LibelleReponse]) VALUES ('QE4B-23', '23', '23. Katriyèm / Nevyèm Ane');
INSERT INTO Tbl_Reponses (CodeUniqueReponse,[CodeReponse] , [LibelleReponse]) VALUES ('QE4B-24', '24', '24. Twazyèm');
INSERT INTO Tbl_Reponses (CodeUniqueReponse,[CodeReponse] , [LibelleReponse]) VALUES ('QE4B-25', '25', '25. Dezyèm oswa Segonn');
INSERT INTO Tbl_Reponses (CodeUniqueReponse,[CodeReponse] , [LibelleReponse]) VALUES ('QE4B-26', '26', '26. Premye oswa Reto');
INSERT INTO Tbl_Reponses (CodeUniqueReponse,[CodeReponse] , [LibelleReponse]) VALUES ('QE4B-27', '27', '27. Filo');
INSERT INTO Tbl_Reponses (CodeUniqueReponse,[CodeReponse] , [LibelleReponse]) VALUES ('QE4B-31', '31', '31. Premye Ane');
INSERT INTO Tbl_Reponses (CodeUniqueReponse,[CodeReponse] , [LibelleReponse]) VALUES ('QE4B-32', '32', '32. Dezyèm Ane');
INSERT INTO Tbl_Reponses (CodeUniqueReponse,[CodeReponse] , [LibelleReponse]) VALUES ('QE4B-33', '33', '33. Twazyèm Ane');
INSERT INTO Tbl_Reponses (CodeUniqueReponse,[CodeReponse] , [LibelleReponse]) VALUES ('QE4B-34', '34', '34. Katriyèm Ane');
INSERT INTO Tbl_Reponses (CodeUniqueReponse,[CodeReponse] , [LibelleReponse]) VALUES ('QE4B-35', '35', '35. Senkyèm Ane');
INSERT INTO Tbl_Reponses (CodeUniqueReponse,[CodeReponse] , [LibelleReponse]) VALUES ('QE4B-36', '36', '36. Sizyèm Ane');
INSERT INTO Tbl_Reponses (CodeUniqueReponse,[CodeReponse] , [LibelleReponse]) VALUES ('QE4B-37', '37', '37. Setyèm Ane');
INSERT INTO Tbl_Reponses (CodeUniqueReponse,[CodeReponse] , [LibelleReponse]) VALUES ('QE4B-41', '41', '41. Premye Ane');
INSERT INTO Tbl_Reponses (CodeUniqueReponse,[CodeReponse] , [LibelleReponse]) VALUES ('QE4B-42', '42', '42. Dezyèm Ane');
INSERT INTO Tbl_Reponses (CodeUniqueReponse,[CodeReponse] , [LibelleReponse]) VALUES ('QE4B-43', '43', '43. Twazyèm Ane');
INSERT INTO Tbl_Reponses (CodeUniqueReponse,[CodeReponse] , [LibelleReponse]) VALUES ('QE4B-51', '51', '51. Premye Ane');
INSERT INTO Tbl_Reponses (CodeUniqueReponse,[CodeReponse] , [LibelleReponse]) VALUES ('QE4B-52', '52', '52 Dezyèm Ane');
INSERT INTO Tbl_Reponses (CodeUniqueReponse,[CodeReponse] , [LibelleReponse]) VALUES ('QE4B-53', '53', '53. Twazyèm Ane');
INSERT INTO Tbl_Reponses (CodeUniqueReponse,[CodeReponse] , [LibelleReponse]) VALUES ('QE4B-54', '54', '54. Katriyèm Ane noswa plis');
INSERT INTO Tbl_Reponses (CodeUniqueReponse,[CodeReponse] , [LibelleReponse]) VALUES ('QE4B-30', '30', 'Inivèsite 1e sik');
INSERT INTO Tbl_Reponses (CodeUniqueReponse,[CodeReponse] , [LibelleReponse]) VALUES ('QE4B-40', '40', 'Inivèsite 2e sik');
INSERT INTO Tbl_Reponses (CodeUniqueReponse,[CodeReponse] , [LibelleReponse]) VALUES ('QE4B-50', '50', 'Inivèsite 3e sik');
INSERT INTO Tbl_Reponses (CodeUniqueReponse,[CodeReponse] , [LibelleReponse]) VALUES ('QE4B-00', '0', 'Preskolè');
INSERT INTO Tbl_Reponses (CodeUniqueReponse,[CodeReponse] , [LibelleReponse]) VALUES ('QE4B-10', '10', 'Primè');
INSERT INTO Tbl_Reponses (CodeUniqueReponse,[CodeReponse] , [LibelleReponse]) VALUES ('QE4B-20', '20', 'Segondè');

INSERT INTO Tbl_Reponses (CodeUniqueReponse,[CodeReponse] , [LibelleReponse]) VALUES ('SM1-1', '1', '1. Selibatè');
INSERT INTO Tbl_Reponses (CodeUniqueReponse,[CodeReponse] , [LibelleReponse]) VALUES ('SM1-2', '2', '2. Marye');
INSERT INTO Tbl_Reponses (CodeUniqueReponse,[CodeReponse] , [LibelleReponse]) VALUES ('SM1-3', '3', '3. Plase');
INSERT INTO Tbl_Reponses (CodeUniqueReponse,[CodeReponse] , [LibelleReponse]) VALUES ('SM1-4', '4', '4, Viv avèk');
INSERT INTO Tbl_Reponses (CodeUniqueReponse,[CodeReponse] , [LibelleReponse]) VALUES ('SM1-5', '5', '5. Vèv (Mari /oswa Madanm nan mouri)');
INSERT INTO Tbl_Reponses (CodeUniqueReponse,[CodeReponse] , [LibelleReponse]) VALUES ('SM1-6', '6', '6. Kite, Separe apre maryaj');
INSERT INTO Tbl_Reponses (CodeUniqueReponse,[CodeReponse] , [LibelleReponse]) VALUES ('SM1-7', '7', '7. Kite, Separe apre plasay');
INSERT INTO Tbl_Reponses (CodeUniqueReponse,[CodeReponse] , [LibelleReponse]) VALUES ('SM1-8', '8', '8. Divòse');
INSERT INTO Tbl_Reponses (CodeUniqueReponse,[CodeReponse] , [LibelleReponse]) VALUES ('SM1-9', '9', '9. Lòt');

INSERT INTO Tbl_Reponses (CodeUniqueReponse,[CodeReponse] , [LibelleReponse]) VALUES ('QA1-1', '1', '1. Wi, pou kòb, pou lòt bagay  ');
INSERT INTO Tbl_Reponses (CodeUniqueReponse,[CodeReponse] , [LibelleReponse]) VALUES ('QA1-2', '2', ' 2. Wi, san kòb, san lòt bagay');
INSERT INTO Tbl_Reponses (CodeUniqueReponse,[CodeReponse] , [LibelleReponse]) VALUES ('QA1-3', '3', ' 3. Non, men li gen yon anplwa (maladi, konje matènèl, vakans, konje san peye)');
INSERT INTO Tbl_Reponses (CodeUniqueReponse,[CodeReponse] , [LibelleReponse]) VALUES ('QA1-4', '4', '4. Non, li tap etidye sèlman');
INSERT INTO Tbl_Reponses (CodeUniqueReponse,[CodeReponse] , [LibelleReponse]) VALUES ('QA1-5', '5', '5. Non, li tap okipe kay (fè travay nan kay) sèlman');
INSERT INTO Tbl_Reponses (CodeUniqueReponse,[CodeReponse] , [LibelleReponse]) VALUES ('QA1-6', '6', '6. Non, li se retrete, yon rantye');
INSERT INTO Tbl_Reponses (CodeUniqueReponse,[CodeReponse] , [LibelleReponse]) VALUES ('QA1-7', '7', '7. Non, li pa tap fè anyen');

INSERT INTO Tbl_Reponses (CodeUniqueReponse,[CodeReponse] , [LibelleReponse]) VALUES ('QA2.1-1', '1', '1. Wi');
INSERT INTO Tbl_Reponses (CodeUniqueReponse,[CodeReponse] , [LibelleReponse]) VALUES ('QA2.1-2', '2', '2. Non');

INSERT INTO Tbl_Reponses (CodeUniqueReponse,[CodeReponse] , [LibelleReponse]) VALUES ('QA2.2-1', '1', '1. Wi');
INSERT INTO Tbl_Reponses (CodeUniqueReponse,[CodeReponse] , [LibelleReponse]) VALUES ('QA2.2-2', '2', '2. Non');

INSERT INTO Tbl_Reponses (CodeUniqueReponse,[CodeReponse] , [LibelleReponse]) VALUES ('QA2.3-1', '1', '1. Wi');
INSERT INTO Tbl_Reponses (CodeUniqueReponse,[CodeReponse] , [LibelleReponse]) VALUES ('QA2.3-2', '2', '2. Non');

INSERT INTO Tbl_Reponses (CodeUniqueReponse,[CodeReponse] , [LibelleReponse]) VALUES ('QA2.4-1', '1', '1. Wi');
INSERT INTO Tbl_Reponses (CodeUniqueReponse,[CodeReponse] , [LibelleReponse]) VALUES ('QA2.4-2', '2', '2. Non');

INSERT INTO Tbl_Reponses (CodeUniqueReponse,[CodeReponse] , [LibelleReponse]) VALUES ('QA2.5-1', '1', '1. Wi');
INSERT INTO Tbl_Reponses (CodeUniqueReponse,[CodeReponse] , [LibelleReponse]) VALUES ('QA2.5-2', '2', '2. Non');

INSERT INTO Tbl_Reponses (CodeUniqueReponse,[CodeReponse] , [LibelleReponse]) VALUES ('QA8-1', '1', '1. Wi, li te chèche travay pou premye fwa');
INSERT INTO Tbl_Reponses (CodeUniqueReponse,[CodeReponse] , [LibelleReponse]) VALUES ('QA8-2', '2', '2. Wi, men li te gen yon travay ou byen yon demele avan sa --> ale nan A10');
INSERT INTO Tbl_Reponses (CodeUniqueReponse,[CodeReponse] , [LibelleReponse]) VALUES ('QA8-3', '3', '3. Non, paske se li ki dwe okipe kay la (fè travay nan kay)');
INSERT INTO Tbl_Reponses (CodeUniqueReponse,[CodeReponse] , [LibelleReponse]) VALUES ('QA8-4', '4', '4. Non, paske li te pèdi lespwa (dekouraje)');
INSERT INTO Tbl_Reponses (CodeUniqueReponse,[CodeReponse] , [LibelleReponse]) VALUES ('QA8-5', '5', '5. Non, li te ale nan yon kou pou li ka jwenn yon anplwa kap komanse pou pi ta nan twa mwa');
INSERT INTO Tbl_Reponses (CodeUniqueReponse,[CodeReponse] , [LibelleReponse]) VALUES ('QA8-6', '6', '6. Non, men li jwenn yon anplwa kap komanse pou pi ta nan twa mwa');
INSERT INTO Tbl_Reponses (CodeUniqueReponse,[CodeReponse] , [LibelleReponse]) VALUES ('QA8-7', '7', '7. Non, li ap fè demach pou li pati ale travay nan peyi etranje (lòt bò)');
INSERT INTO Tbl_Reponses (CodeUniqueReponse,[CodeReponse] , [LibelleReponse]) VALUES ('QA8-8', '8', '8. Non, paske lap tan viza rezidans ou byen yon mwayen pou li pati ale viv nan peyi etranje (lòt bò)');
INSERT INTO Tbl_Reponses (CodeUniqueReponse,[CodeReponse] , [LibelleReponse]) VALUES ('QA8-9', '9', '9. Non, pou lòt rezon');

INSERT INTO Tbl_Reponses (CodeUniqueReponse,[CodeReponse] , [LibelleReponse]) VALUES ('QF4-1', '1', '1.Wi');
INSERT INTO Tbl_Reponses (CodeUniqueReponse,[CodeReponse] , [LibelleReponse]) VALUES ('QF4-2', '2', '2.Non');


